tanggal,pelabuhan,kapal_berangkat,kapal_tiba,penumpang_naik,penumpang_turun
1/1/2020,MUARA ANGKE,13,23,549,3989
1/2/2020,MUARA ANGKE,15,13,831,1374
1/3/2020,MUARA ANGKE,11,12,921,800
1/4/2020,MUARA ANGKE,17,7,1838,551
1/5/2020,MUARA ANGKE,7,15,600,1768
1/6/2020,MUARA ANGKE,9,6,327,291
1/7/2020,MUARA ANGKE,7,9,301,193
1/8/2020,MUARA ANGKE,7,8,333,254
1/9/2020,MUARA ANGKE,6,7,179,198
1/10/2020,MUARA ANGKE,8,10,289,266
1/11/2020,MUARA ANGKE,15,6,1117,142
1/12/2020,MUARA ANGKE,6,11,218,1084
1/13/2020,MUARA ANGKE,9,6,264,189
1/14/2020,MUARA ANGKE,6,8,255,126
1/15/2020,MUARA ANGKE,8,7,227,211
1/16/2020,MUARA ANGKE,6,9,232,197
1/17/2020,MUARA ANGKE,5,11,377,267
1/18/2020,MUARA ANGKE,15,7,883,230
1/19/2020,MUARA ANGKE,6,14,184,753
1/20/2020,MUARA ANGKE,9,5,329,229
1/21/2020,MUARA ANGKE,5,8,176,224
1/22/2020,MUARA ANGKE,6,6,190,173
1/23/2020,MUARA ANGKE,5,6,196,250
1/24/2020,MUARA ANGKE,7,15,376,307
1/25/2020,MUARA ANGKE,19,6,2785,169
1/26/2020,MUARA ANGKE,6,18,267,2608
1/27/2020,MUARA ANGKE,10,5,328,284
1/28/2020,MUARA ANGKE,7,8,478,322
1/29/2020,MUARA ANGKE,8,7,405,420
1/30/2020,MUARA ANGKE,6,9,177,474
1/31/2020,MUARA ANGKE,8,15,401,456
1/1/2020,MARINA ANCOL,3,3,229,342
1/2/2020,MARINA ANCOL,3,3,246,374
1/3/2020,MARINA ANCOL,3,2,314,265
1/4/2020,MARINA ANCOL,4,3,504,368
1/5/2020,MARINA ANCOL,4,4,214,378
1/6/2020,MARINA ANCOL,0,0,0,0
1/7/2020,MARINA ANCOL,0,0,0,0
1/8/2020,MARINA ANCOL,3,3,122,190
1/9/2020,MARINA ANCOL,3,2,124,93
1/10/2020,MARINA ANCOL,3,3,186,129
1/11/2020,MARINA ANCOL,4,4,384,292
1/12/2020,MARINA ANCOL,2,2,111,141
1/13/2020,MARINA ANCOL,3,3,251,162
1/14/2020,MARINA ANCOL,2,2,96,77
1/15/2020,MARINA ANCOL,3,3,168,105
1/16/2020,MARINA ANCOL,3,2,116,123
1/17/2020,MARINA ANCOL,3,3,173,218
1/18/2020,MARINA ANCOL,3,3,379,271
1/19/2020,MARINA ANCOL,3,3,181,314
1/20/2020,MARINA ANCOL,3,3,294,159
1/21/2020,MARINA ANCOL,3,3,232,206
1/22/2020,MARINA ANCOL,3,0,132,0
1/23/2020,MARINA ANCOL,2,2,121,150
1/24/2020,MARINA ANCOL,3,2,191,169
1/25/2020,MARINA ANCOL,4,4,469,452
1/26/2020,MARINA ANCOL,3,3,248,239
1/27/2020,MARINA ANCOL,3,0,249,0
1/28/2020,MARINA ANCOL,3,2,204,84
1/29/2020,MARINA ANCOL,3,2,210,152
1/30/2020,MARINA ANCOL,3,3,134,174
1/31/2020,MARINA ANCOL,3,4,175,218
1/1/2020,UNTUNG JAWA,15,15,445,452
1/2/2020,UNTUNG JAWA,5,4,45,52
1/3/2020,UNTUNG JAWA,4,4,70,60
1/4/2020,UNTUNG JAWA,6,6,104,130
1/5/2020,UNTUNG JAWA,8,6,454,377
1/6/2020,UNTUNG JAWA,8,6,121,108
1/7/2020,UNTUNG JAWA,8,6,112,129
1/8/2020,UNTUNG JAWA,8,6,94,55
1/9/2020,UNTUNG JAWA,4,4,56,63
1/10/2020,UNTUNG JAWA,6,5,70,80
1/11/2020,UNTUNG JAWA,8,6,124,230
1/12/2020,UNTUNG JAWA,10,11,560,510
1/13/2020,UNTUNG JAWA,5,4,94,75
1/14/2020,UNTUNG JAWA,3,2,50,29
1/15/2020,UNTUNG JAWA,5,5,15,107
1/16/2020,UNTUNG JAWA,4,4,94,80
1/17/2020,UNTUNG JAWA,5,6,103,95
1/18/2020,UNTUNG JAWA,10,7,215,262
1/19/2020,UNTUNG JAWA,10,8,412,356
1/20/2020,UNTUNG JAWA,5,4,83,84
1/21/2020,UNTUNG JAWA,4,4,65,89
1/22/2020,UNTUNG JAWA,5,4,83,84
1/23/2020,UNTUNG JAWA,5,4,83,84
1/24/2020,UNTUNG JAWA,5,4,83,84
1/25/2020,UNTUNG JAWA,5,4,83,84
1/26/2020,UNTUNG JAWA,11,10,432,396
1/27/2020,UNTUNG JAWA,6,5,78,68
1/28/2020,UNTUNG JAWA,6,5,88,103
1/29/2020,UNTUNG JAWA,6,5,108,107
1/30/2020,UNTUNG JAWA,7,6,112,118
1/31/2020,UNTUNG JAWA,6,5,90,90
1/1/2020,LANCANG,5,5,38,76
1/2/2020,LANCANG,5,5,98,118
1/3/2020,LANCANG,5,5,76,88
1/4/2020,LANCANG,4,4,89,93
1/5/2020,LANCANG,5,5,67,88
1/6/2020,LANCANG,5,5,75,81
1/7/2020,LANCANG,5,5,61,79
1/8/2020,LANCANG,6,6,68,65
1/9/2020,LANCANG,6,6,52,46
1/10/2020,LANCANG,6,6,79,51
1/11/2020,LANCANG,6,6,93,76
1/12/2020,LANCANG,6,6,106,96
1/13/2020,LANCANG,6,6,54,74
1/14/2020,LANCANG,6,6,56,71
1/15/2020,LANCANG,5,5,47,62
1/16/2020,LANCANG,5,5,68,60
1/17/2020,LANCANG,5,5,67,61
1/18/2020,LANCANG,5,5,85,82
1/19/2020,LANCANG,5,5,107,77
1/20/2020,LANCANG,5,5,50,65
1/21/2020,LANCANG,5,5,46,68
1/22/2020,LANCANG,5,5,62,63
1/23/2020,LANCANG,5,5,76,73
1/24/2020,LANCANG,5,5,59,48
1/25/2020,LANCANG,5,5,60,142
1/26/2020,LANCANG,5,5,176,108
1/27/2020,LANCANG,3,3,52,32
1/28/2020,LANCANG,3,3,54,56
1/29/2020,LANCANG,3,3,32,36
1/30/2020,LANCANG,3,3,40,40
1/31/2020,LANCANG,3,3,45,46
1/1/2020,PARI,5,4,885,178
1/2/2020,PARI,3,3,397,232
1/3/2020,PARI,3,2,213,149
1/4/2020,PARI,1,3,160,418
1/5/2020,PARI,3,2,559,135
1/6/2020,PARI,1,1,66,23
1/7/2020,PARI,1,1,34,50
1/8/2020,PARI,2,1,65,51
1/9/2020,PARI,1,1,35,32
1/10/2020,PARI,1,1,42,53
1/11/2020,PARI,1,2,51,254
1/12/2020,PARI,2,1,262,35
1/13/2020,PARI,1,1,45,41
1/14/2020,PARI,1,1,24,61
1/15/2020,PARI,1,1,60,55
1/16/2020,PARI,1,1,38,28
1/17/2020,PARI,1,1,37,21
1/18/2020,PARI,1,2,21,192
1/19/2020,PARI,2,1,195,50
1/20/2020,PARI,1,1,61,48
1/21/2020,PARI,1,1,42,12
1/22/2020,PARI,1,1,32,53
1/23/2020,PARI,1,1,58,36
1/24/2020,PARI,2,1,22,88
1/25/2020,PARI,1,3,30,487
1/26/2020,PARI,4,1,705,42
1/27/2020,PARI,1,0,98,0
1/28/2020,PARI,1,2,42,186
1/29/2020,PARI,2,1,183,122
1/30/2020,PARI,1,1,134,24
1/31/2020,PARI,4,1,44,49
1/1/2020,TIDUNG/PAYUNG,10,6,1705,297
1/2/2020,TIDUNG/PAYUNG,6,9,681,278
1/3/2020,TIDUNG/PAYUNG,7,6,446,385
1/4/2020,TIDUNG/PAYUNG,5,9,333,834
1/5/2020,TIDUNG/PAYUNG,6,5,451,335
1/6/2020,TIDUNG/PAYUNG,4,4,130,159
1/7/2020,TIDUNG/PAYUNG,4,4,50,110
1/8/2020,TIDUNG/PAYUNG,4,4,72,176
1/9/2020,TIDUNG/PAYUNG,4,4,99,58
1/10/2020,TIDUNG/PAYUNG,5,5,125,314
1/11/2020,TIDUNG/PAYUNG,4,10,37,719
1/12/2020,TIDUNG/PAYUNG,6,5,568,142
1/13/2020,TIDUNG/PAYUNG,4,4,87,88
1/14/2020,TIDUNG/PAYUNG,4,4,28,121
1/15/2020,TIDUNG/PAYUNG,4,4,71,98
1/16/2020,TIDUNG/PAYUNG,3,4,54,101
1/17/2020,TIDUNG/PAYUNG,5,4,221,89
1/18/2020,TIDUNG/PAYUNG,3,7,72,313
1/19/2020,TIDUNG/PAYUNG,6,3,237,72
1/20/2020,TIDUNG/PAYUNG,3,4,49,154
1/21/2020,TIDUNG/PAYUNG,4,1,85,72
1/22/2020,TIDUNG/PAYUNG,4,4,55,64
1/23/2020,TIDUNG/PAYUNG,3,4,59,61
1/24/2020,TIDUNG/PAYUNG,8,5,156,156
1/25/2020,TIDUNG/PAYUNG,4,8,77,890
1/26/2020,TIDUNG/PAYUNG,9,5,898,144
1/27/2020,TIDUNG/PAYUNG,3,6,85,127
1/28/2020,TIDUNG/PAYUNG,4,4,77,215
1/29/2020,TIDUNG/PAYUNG,4,4,126,146
1/30/2020,TIDUNG/PAYUNG,5,4,197,53
1/31/2020,TIDUNG/PAYUNG,7,6,241,166
1/1/2020,PRAMUKA/PANGGANG,6,5,307,181
1/2/2020,PRAMUKA/PANGGANG,8,6,466,345
1/3/2020,PRAMUKA/PANGGANG,5,5,252,302
1/4/2020,PRAMUKA/PANGGANG,5,7,208,306
1/5/2020,PRAMUKA/PANGGANG,7,5,230,202
1/6/2020,PRAMUKA/PANGGANG,5,5,93,233
1/7/2020,PRAMUKA/PANGGANG,6,6,104,143
1/8/2020,PRAMUKA/PANGGANG,5,5,109,93
1/9/2020,PRAMUKA/PANGGANG,5,5,122,111
1/10/2020,PRAMUKA/PANGGANG,5,5,115,105
1/11/2020,PRAMUKA/PANGGANG,5,5,73,208
1/12/2020,PRAMUKA/PANGGANG,6,6,209,105
1/13/2020,PRAMUKA/PANGGANG,5,5,73,169
1/14/2020,PRAMUKA/PANGGANG,6,6,123,116
1/15/2020,PRAMUKA/PANGGANG,5,5,81,98
1/16/2020,PRAMUKA/PANGGANG,6,5,120,70
1/17/2020,PRAMUKA/PANGGANG,5,5,149,89
1/18/2020,PRAMUKA/PANGGANG,5,6,99,202
1/19/2020,PRAMUKA/PANGGANG,6,5,263,147
1/20/2020,PRAMUKA/PANGGANG,6,6,109,210
1/21/2020,PRAMUKA/PANGGANG,5,5,178,120
1/22/2020,PRAMUKA/PANGGANG,5,5,84,71
1/23/2020,PRAMUKA/PANGGANG,6,5,129,85
1/24/2020,PRAMUKA/PANGGANG,5,5,138,120
1/25/2020,PRAMUKA/PANGGANG,5,5,77,290
1/26/2020,PRAMUKA/PANGGANG,7,5,279,201
1/27/2020,PRAMUKA/PANGGANG,5,4,159,149
1/28/2020,PRAMUKA/PANGGANG,6,5,166,128
1/29/2020,PRAMUKA/PANGGANG,5,5,106,91
1/30/2020,PRAMUKA/PANGGANG,5,5,150,119
1/31/2020,PRAMUKA/PANGGANG,5,5,126,263
1/1/2020,KELAPA,2,4,101,96
1/2/2020,KELAPA,4,3,203,103
1/3/2020,KELAPA,3,3,157,242
1/4/2020,KELAPA,3,3,108,188
1/5/2020,KELAPA,4,3,143,160
1/6/2020,KELAPA,2,4,106,115
1/7/2020,KELAPA,4,3,97,120
1/8/2020,KELAPA,3,3,110,86
1/9/2020,KELAPA,3,3,78,81
1/10/2020,KELAPA,3,3,62,47
1/11/2020,KELAPA,4,3,58,90
1/12/2020,KELAPA,3,3,69,118
1/13/2020,KELAPA,3,3,41,83
1/14/2020,KELAPA,3,2,78,51
1/15/2020,KELAPA,4,4,80,106
1/16/2020,KELAPA,3,3,65,42
1/17/2020,KELAPA,3,3,71,86
1/18/2020,KELAPA,4,5,51,75
1/19/2020,KELAPA,4,3,69,52
1/20/2020,KELAPA,3,4,85,111
1/21/2020,KELAPA,3,3,78,91
1/22/2020,KELAPA,3,3,90,96
1/23/2020,KELAPA,3,2,108,85
1/24/2020,KELAPA,4,4,77,87
1/25/2020,KELAPA,2,4,103,197
1/26/2020,KELAPA,4,2,73,70
1/27/2020,KELAPA,4,5,102,125
1/28/2020,KELAPA,3,3,63,59
1/29/2020,KELAPA,4,5,67,88
1/30/2020,KELAPA,4,4,116,55
1/31/2020,KELAPA,3,5,60,161
1/1/2020,HARAPAN,6,2,1032,18
1/2/2020,HARAPAN,2,2,121,91
1/3/2020,HARAPAN,1,2,65,48
1/4/2020,HARAPAN,1,4,57,387
1/5/2020,HARAPAN,4,1,381,24
1/6/2020,HARAPAN,1,2,30,19
1/7/2020,HARAPAN,1,1,5,10
1/8/2020,HARAPAN,1,2,8,12
1/9/2020,HARAPAN,1,1,10,10
1/10/2020,HARAPAN,2,1,8,29
1/11/2020,HARAPAN,3,2,162,107
1/12/2020,HARAPAN,2,1,227,10
1/13/2020,HARAPAN,1,3,6,49
1/14/2020,HARAPAN,2,1,12,2
1/15/2020,HARAPAN,1,2,17,17
1/16/2020,HARAPAN,2,1,26,13
1/17/2020,HARAPAN,3,2,23,150
1/18/2020,HARAPAN,2,5,105,270
1/19/2020,HARAPAN,4,2,257,16
1/20/2020,HARAPAN,1,2,12,15
1/21/2020,HARAPAN,1,2,9,36
1/22/2020,HARAPAN,2,2,17,19
1/23/2020,HARAPAN,1,2,6,16
1/24/2020,HARAPAN,4,1,36,11
1/25/2020,HARAPAN,1,6,12,1001
1/26/2020,HARAPAN,6,1,929,15
1/27/2020,HARAPAN,1,4,13,96
1/28/2020,HARAPAN,1,1,29,10
1/29/2020,HARAPAN,1,1,29,29
1/30/2020,HARAPAN,2,1,27,12
1/31/2020,HARAPAN,2,4,41,198
1/1/2020,SABIRA,2,0,25,0
1/2/2020,SABIRA,0,1,0,5
1/3/2020,SABIRA,0,0,0,0
1/4/2020,SABIRA,0,2,0,35
1/5/2020,SABIRA,0,1,0,18
1/6/2020,SABIRA,1,0,15,0
1/7/2020,SABIRA,0,1,0,7
1/8/2020,SABIRA,2,1,21,8
1/9/2020,SABIRA,0,1,0,7
1/10/2020,SABIRA,1,1,2,7
1/11/2020,SABIRA,1,1,4,4
1/12/2020,SABIRA,1,1,8,8
1/13/2020,SABIRA,1,1,6,5
1/14/2020,SABIRA,0,1,0,5
1/15/2020,SABIRA,2,0,18,0
1/16/2020,SABIRA,0,1,0,11
1/17/2020,SABIRA,0,0,0,0
1/18/2020,SABIRA,1,1,12,39
1/19/2020,SABIRA,0,0,0,0
1/20/2020,SABIRA,2,0,22,0
1/21/2020,SABIRA,4,2,63,38
1/22/2020,SABIRA,0,1,0,7
1/23/2020,SABIRA,1,0,14,0
1/24/2020,SABIRA,0,0,0,0
1/25/2020,SABIRA,0,2,0,34
1/26/2020,SABIRA,1,0,19,0
1/27/2020,SABIRA,0,1,0,3
1/28/2020,SABIRA,1,0,17,0
1/29/2020,SABIRA,0,1,0,21
1/30/2020,SABIRA,0,1,0,21
1/31/2020,SABIRA,0,0,0,0
2/1/2020,MUARA ANGKE,16,6,1929,337
2/2/2020,MUARA ANGKE,6,15,264,1708
2/3/2020,MUARA ANGKE,10,6,548,215
2/4/2020,MUARA ANGKE,6,6,276,283
2/5/2020,MUARA ANGKE,7,6,286,353
2/6/2020,MUARA ANGKE,6,7,249,346
2/7/2020,MUARA ANGKE,8,12,368,317
2/8/2020,MUARA ANGKE,16,8,1642,222
2/9/2020,MUARA ANGKE,7,15,586,1650
2/10/2020,MUARA ANGKE,10,7,456,274
2/11/2020,MUARA ANGKE,7,7,378,347
2/12/2020,MUARA ANGKE,7,6,309,384
2/13/2020,MUARA ANGKE,7,7,206,247
2/14/2020,MUARA ANGKE,9,14,458,343
2/15/2020,MUARA ANGKE,16,6,1929,196
2/16/2020,MUARA ANGKE,6,14,316,1879
2/17/2020,MUARA ANGKE,8,3,338,236
2/18/2020,MUARA ANGKE,6,9,275,347
2/19/2020,MUARA ANGKE,8,5,300,214
2/20/2020,MUARA ANGKE,5,8,256,311
2/21/2020,MUARA ANGKE,6,11,347,256
2/22/2020,MUARA ANGKE,18,6,1528,167
2/23/2020,MUARA ANGKE,5,18,180,1539
2/24/2020,MUARA ANGKE,7,4,430,101
2/25/2020,MUARA ANGKE,6,7,124,398
2/26/2020,MUARA ANGKE,7,5,340,213
2/27/2020,MUARA ANGKE,4,7,142,352
2/28/2020,MUARA ANGKE,7,12,426,321
2/29/2020,MUARA ANGKE,18,7,2098,451
2/1/2020,MARINA ANCOL,4,4,376,212
2/2/2020,MARINA ANCOL,3,3,115,220
2/3/2020,MARINA ANCOL,3,3,315,160
2/4/2020,MARINA ANCOL,3,3,133,89
2/5/2020,MARINA ANCOL,3,3,133,36
2/6/2020,MARINA ANCOL,3,3,119,137
2/7/2020,MARINA ANCOL,3,3,118,194
2/8/2020,MARINA ANCOL,4,4,414,379
2/9/2020,MARINA ANCOL,3,3,230,393
2/10/2020,MARINA ANCOL,3,3,165,125
2/11/2020,MARINA ANCOL,3,3,288,136
2/12/2020,MARINA ANCOL,3,3,151,43
2/13/2020,MARINA ANCOL,3,3,251,139
2/14/2020,MARINA ANCOL,4,4,237,410
2/15/2020,MARINA ANCOL,4,4,545,267
2/16/2020,MARINA ANCOL,2,2,140,150
2/17/2020,MARINA ANCOL,3,3,214,110
2/18/2020,MARINA ANCOL,3,3,222,156
2/19/2020,MARINA ANCOL,3,3,163,187
2/20/2020,MARINA ANCOL,4,4,148,177
2/21/2020,MARINA ANCOL,3,3,172,215
2/22/2020,MARINA ANCOL,3,3,361,266
2/23/2020,MARINA ANCOL,3,3,178,359
2/24/2020,MARINA ANCOL,3,3,219,59
2/25/2020,MARINA ANCOL,2,2,154,38
2/26/2020,MARINA ANCOL,3,3,148,130
2/27/2020,MARINA ANCOL,3,3,154,154
2/28/2020,MARINA ANCOL,3,3,169,127
2/29/2020,MARINA ANCOL,3,3,147,124
2/1/2020,UNTUNG JAWA,9,8,90,104
2/2/2020,UNTUNG JAWA,14,13,284,217
2/3/2020,UNTUNG JAWA,9,8,82,99
2/4/2020,UNTUNG JAWA,7,8,82,74
2/5/2020,UNTUNG JAWA,11,10,118,98
2/6/2020,UNTUNG JAWA,10,9,123,102
2/7/2020,UNTUNG JAWA,9,8,133,127
2/8/2020,UNTUNG JAWA,10,10,159,193
2/9/2020,UNTUNG JAWA,12,12,338,330
2/10/2020,UNTUNG JAWA,9,8,106,116
2/11/2020,UNTUNG JAWA,9,8,110,92
2/12/2020,UNTUNG JAWA,10,9,132,121
2/13/2020,UNTUNG JAWA,9,8,100,106
2/14/2020,UNTUNG JAWA,9,8,109,109
2/15/2020,UNTUNG JAWA,16,17,256,339
2/16/2020,UNTUNG JAWA,12,11,338,223
2/17/2020,UNTUNG JAWA,10,9,111,125
2/18/2020,UNTUNG JAWA,9,8,98,97
2/19/2020,UNTUNG JAWA,10,10,86,102
2/20/2020,UNTUNG JAWA,8,8,93,60
2/21/2020,UNTUNG JAWA,9,8,106,110
2/22/2020,UNTUNG JAWA,12,13,200,231
2/23/2020,UNTUNG JAWA,11,11,287,285
2/24/2020,UNTUNG JAWA,4,4,13,14
2/25/2020,UNTUNG JAWA,7,7,66,78
2/26/2020,UNTUNG JAWA,7,7,70,77
2/27/2020,UNTUNG JAWA,9,9,88,90
2/28/2020,UNTUNG JAWA,8,8,70,87
2/29/2020,UNTUNG JAWA,13,12,243,271
2/1/2020,LANCANG,3,3,30,46
2/2/2020,LANCANG,3,3,66,44
2/3/2020,LANCANG,5,5,67,82
2/4/2020,LANCANG,5,5,57,81
2/5/2020,LANCANG,5,5,46,85
2/6/2020,LANCANG,5,5,60,69
2/7/2020,LANCANG,5,5,63,69
2/8/2020,LANCANG,5,5,74,110
2/9/2020,LANCANG,5,5,68,61
2/10/2020,LANCANG,5,5,55,67
2/11/2020,LANCANG,5,5,43,62
2/12/2020,LANCANG,5,5,85,68
2/13/2020,LANCANG,5,5,53,48
2/14/2020,LANCANG,5,5,64,52
2/15/2020,LANCANG,5,5,54,71
2/16/2020,LANCANG,5,5,55,40
2/17/2020,LANCANG,5,5,47,45
2/18/2020,LANCANG,5,5,45,34
2/19/2020,LANCANG,5,5,41,41
2/20/2020,LANCANG,5,5,40,37
2/21/2020,LANCANG,5,5,54,44
2/22/2020,LANCANG,5,5,45,80
2/23/2020,LANCANG,5,5,63,42
2/24/2020,LANCANG,4,4,32,37
2/25/2020,LANCANG,5,5,48,45
2/26/2020,LANCANG,5,5,36,44
2/27/2020,LANCANG,5,5,47,36
2/28/2020,LANCANG,5,5,55,43
2/29/2020,LANCANG,5,5,40,40
2/1/2020,PARI,4,6,71,671
2/2/2020,PARI,9,4,684,74
2/3/2020,PARI,4,4,71,122
2/4/2020,PARI,4,4,103,137
2/5/2020,PARI,5,4,97,104
2/6/2020,PARI,4,4,132,115
2/7/2020,PARI,4,4,116,129
2/8/2020,PARI,4,8,80,641
2/9/2020,PARI,9,6,829,512
2/10/2020,PARI,5,5,190,183
2/11/2020,PARI,4,4,158,129
2/12/2020,PARI,4,4,148,84
2/13/2020,PARI,4,4,94,38
2/14/2020,PARI,4,7,181,196
2/15/2020,PARI,6,10,216,689
2/16/2020,PARI,7,4,684,83
2/17/2020,PARI,4,5,99,97
2/18/2020,PARI,4,5,101,163
2/19/2020,PARI,4,4,124,52
2/20/2020,PARI,4,4,58,73
2/21/2020,PARI,4,4,40,136
2/22/2020,PARI,4,10,85,546
2/23/2020,PARI,8,4,573,130
2/24/2020,PARI,4,3,46,102
2/25/2020,PARI,4,4,108,91
2/26/2020,PARI,4,4,89,45
2/27/2020,PARI,4,4,44,63
2/28/2020,PARI,5,5,68,263
2/29/2020,PARI,5,10,278,848
2/1/2020,TIDUNG/PAYUNG,5,6,168,677
2/2/2020,TIDUNG/PAYUNG,6,5,615,77
2/3/2020,TIDUNG/PAYUNG,4,4,70,269
2/4/2020,TIDUNG/PAYUNG,3,4,46,88
2/5/2020,TIDUNG/PAYUNG,4,4,150,83
2/6/2020,TIDUNG/PAYUNG,4,4,92,98
2/7/2020,TIDUNG/PAYUNG,6,5,167,150
2/8/2020,TIDUNG/PAYUNG,6,11,94,646
2/9/2020,TIDUNG/PAYUNG,8,4,594,177
2/10/2020,TIDUNG/PAYUNG,4,4,105,191
2/11/2020,TIDUNG/PAYUNG,5,4,88,116
2/12/2020,TIDUNG/PAYUNG,4,4,137,144
2/13/2020,TIDUNG/PAYUNG,4,4,85,71
2/14/2020,TIDUNG/PAYUNG,6,5,127,114
2/15/2020,TIDUNG/PAYUNG,3,7,69,565
2/16/2020,TIDUNG/PAYUNG,4,8,659,121
2/17/2020,TIDUNG/PAYUNG,3,4,92,114
2/18/2020,TIDUNG/PAYUNG,4,3,88,53
2/19/2020,TIDUNG/PAYUNG,3,4,41,138
2/20/2020,TIDUNG/PAYUNG,4,4,150,166
2/21/2020,TIDUNG/PAYUNG,5,3,128,94
2/22/2020,TIDUNG/PAYUNG,3,8,59,625
2/23/2020,TIDUNG/PAYUNG,7,2,582,74
2/24/2020,TIDUNG/PAYUNG,2,4,29,286
2/25/2020,TIDUNG/PAYUNG,4,4,243,47
2/26/2020,TIDUNG/PAYUNG,4,4,51,271
2/27/2020,TIDUNG/PAYUNG,3,5,252,52
2/28/2020,TIDUNG/PAYUNG,4,4,114,109
2/29/2020,TIDUNG/PAYUNG,3,11,66,807
2/1/2020,PRAMUKA/PANGGANG,5,7,137,367
2/2/2020,PRAMUKA/PANGGANG,5,4,290,63
2/3/2020,PRAMUKA/PANGGANG,4,4,220,93
2/4/2020,PRAMUKA/PANGGANG,4,4,56,14
2/5/2020,PRAMUKA/PANGGANG,5,5,95,131
2/6/2020,PRAMUKA/PANGGANG,5,5,148,81
2/7/2020,PRAMUKA/PANGGANG,5,5,151,98
2/8/2020,PRAMUKA/PANGGANG,5,6,93,387
2/9/2020,PRAMUKA/PANGGANG,6,5,211,211
2/10/2020,PRAMUKA/PANGGANG,5,5,125,151
2/11/2020,PRAMUKA/PANGGANG,5,5,76,120
2/12/2020,PRAMUKA/PANGGANG,5,5,127,101
2/13/2020,PRAMUKA/PANGGANG,4,6,42,112
2/14/2020,PRAMUKA/PANGGANG,5,5,132,227
2/15/2020,PRAMUKA/PANGGANG,6,7,124,535
2/16/2020,PRAMUKA/PANGGANG,9,5,592,121
2/17/2020,PRAMUKA/PANGGANG,4,5,108,126
2/18/2020,PRAMUKA/PANGGANG,5,5,88,183
2/19/2020,PRAMUKA/PANGGANG,5,5,141,177
2/20/2020,PRAMUKA/PANGGANG,5,5,131,177
2/21/2020,PRAMUKA/PANGGANG,5,5,112,132
2/22/2020,PRAMUKA/PANGGANG,5,5,79,84
2/23/2020,PRAMUKA/PANGGANG,6,5,240,114
2/24/2020,PRAMUKA/PANGGANG,3,3,113,155
2/25/2020,PRAMUKA/PANGGANG,5,6,94,116
2/26/2020,PRAMUKA/PANGGANG,4,4,49,67
2/27/2020,PRAMUKA/PANGGANG,5,4,141,81
2/28/2020,PRAMUKA/PANGGANG,5,5,121,123
2/29/2020,PRAMUKA/PANGGANG,4,6,143,295
2/1/2020,KELAPA,4,4,62,83
2/2/2020,KELAPA,4,4,96,66
2/3/2020,KELAPA,3,4,84,135
2/4/2020,KELAPA,4,5,64,101
2/5/2020,KELAPA,4,4,136,137
2/6/2020,KELAPA,3,3,109,85
2/7/2020,KELAPA,3,4,72,89
2/8/2020,KELAPA,3,4,87,83
2/9/2020,KELAPA,4,4,91,144
2/10/2020,KELAPA,3,5,73,132
2/11/2020,KELAPA,7,7,128,200
2/12/2020,KELAPA,4,3,133,137
2/13/2020,KELAPA,3,3,61,56
2/14/2020,KELAPA,4,4,110,96
2/15/2020,KELAPA,4,4,97,145
2/16/2020,KELAPA,5,3,94,130
2/17/2020,KELAPA,3,4,93,116
2/18/2020,KELAPA,5,3,128,102
2/19/2020,KELAPA,4,4,113,105
2/20/2020,KELAPA,4,4,105,113
2/21/2020,KELAPA,6,4,135,106
2/22/2020,KELAPA,4,4,110,60
2/23/2020,KELAPA,4,4,64,62
2/24/2020,KELAPA,2,3,53,46
2/25/2020,KELAPA,3,3,41,72
2/26/2020,KELAPA,4,4,51,77
2/27/2020,KELAPA,4,4,72,67
2/28/2020,KELAPA,4,4,105,80
2/29/2020,KELAPA,4,5,199,103
2/1/2020,HARAPAN,1,6,538,26
2/2/2020,HARAPAN,4,1,471,27
2/3/2020,HARAPAN,1,3,10,59
2/4/2020,HARAPAN,2,2,86,27
2/5/2020,HARAPAN,3,2,29,27
2/6/2020,HARAPAN,1,1,7,5
2/7/2020,HARAPAN,2,1,33,8
2/8/2020,HARAPAN,2,6,34,403
2/9/2020,HARAPAN,5,3,391,24
2/10/2020,HARAPAN,2,2,38,46
2/11/2020,HARAPAN,3,4,29,28
2/12/2020,HARAPAN,1,1,28,7
2/13/2020,HARAPAN,2,2,36,57
2/14/2020,HARAPAN,2,2,65,41
2/15/2020,HARAPAN,1,6,17,523
2/16/2020,HARAPAN,7,2,573,36
2/17/2020,HARAPAN,1,1,20,9
2/18/2020,HARAPAN,4,3,54,51
2/19/2020,HARAPAN,4,6,44,91
2/20/2020,HARAPAN,4,6,44,91
2/21/2020,HARAPAN,1,1,27,12
2/22/2020,HARAPAN,1,4,5,331
2/23/2020,HARAPAN,6,1,336,8
2/24/2020,HARAPAN,2,1,11,10
2/25/2020,HARAPAN,2,1,19,34
2/26/2020,HARAPAN,3,1,133,18
2/27/2020,HARAPAN,2,1,11,23
2/28/2020,HARAPAN,1,1,17,7
2/29/2020,HARAPAN,1,4,19,500
2/1/2020,SABIRA,0,1,0,14
2/2/2020,SABIRA,1,0,12,0
2/3/2020,SABIRA,0,1,0,8
2/4/2020,SABIRA,1,0,10,0
2/5/2020,SABIRA,0,2,0,15
2/6/2020,SABIRA,1,0,14,0
2/7/2020,SABIRA,0,1,0,3
2/8/2020,SABIRA,0,1,0,15
2/9/2020,SABIRA,1,0,12,0
2/10/2020,SABIRA,0,1,0,10
2/11/2020,SABIRA,3,2,32,21
2/12/2020,SABIRA,0,1,0,26
2/13/2020,SABIRA,1,0,20,0
2/14/2020,SABIRA,0,1,0,18
2/15/2020,SABIRA,1,1,16,9
2/16/2020,SABIRA,1,0,22,0
2/17/2020,SABIRA,0,1,0,36
2/18/2020,SABIRA,1,2,11,36
2/19/2020,SABIRA,3,1,47,17
2/20/2020,SABIRA,1,0,9,0
2/21/2020,SABIRA,0,1,0,10
2/22/2020,SABIRA,2,2,35,37
2/23/2020,SABIRA,1,0,19,0
2/24/2020,SABIRA,0,0,0,0
2/25/2020,SABIRA,0,0,0,0
2/26/2020,SABIRA,0,1,0,25
2/27/2020,SABIRA,1,0,4,0
2/28/2020,SABIRA,0,1,0,6
2/29/2020,SABIRA,1,0,11,0
3/1/2020,MUARA ANGKE,5,18,511,2212
3/2/2020,MUARA ANGKE,14,5,346,195
3/3/2020,MUARA ANGKE,5,7,199,224
3/4/2020,MUARA ANGKE,6,6,302,249
3/5/2020,MUARA ANGKE,6,6,126,276
3/6/2020,MUARA ANGKE,7,13,279,309
3/7/2020,MUARA ANGKE,15,6,1902,174
3/8/2020,MUARA ANGKE,4,15,206,1825
3/9/2020,MUARA ANGKE,10,5,211,262
3/10/2020,MUARA ANGKE,5,6,225,183
3/11/2020,MUARA ANGKE,7,5,352,213
3/12/2020,MUARA ANGKE,5,8,221,339
3/13/2020,MUARA ANGKE,9,15,388,262
3/14/2020,MUARA ANGKE,16,6,1776,345
3/15/2020,MUARA ANGKE,6,14,235,1708
3/16/2020,MUARA ANGKE,9,5,180,183
3/17/2020,MUARA ANGKE,5,6,203,118
3/18/2020,MUARA ANGKE,6,5,172,110
3/19/2020,MUARA ANGKE,5,6,111,176
3/20/2020,MUARA ANGKE,6,4,127,100
3/21/2020,MUARA ANGKE,5,3,111,41
3/22/2020,MUARA ANGKE,2,4,41,107
3/23/2020,MUARA ANGKE,5,3,83,62
3/24/2020,MUARA ANGKE,3,5,71,45
3/25/2020,MUARA ANGKE,5,2,91,19
3/26/2020,MUARA ANGKE,2,5,32,62
3/27/2020,MUARA ANGKE,3,2,39,29
3/28/2020,MUARA ANGKE,4,3,81,48
3/29/2020,MUARA ANGKE,3,4,69,77
3/30/2020,MUARA ANGKE,5,2,89,19
3/31/2020,MUARA ANGKE,1,2,8,32
3/1/2020,MARINA ANCOL,0,0,0,0
3/2/2020,MARINA ANCOL,0,0,0,0
3/3/2020,MARINA ANCOL,0,0,0,0
3/4/2020,MARINA ANCOL,0,0,0,0
3/5/2020,MARINA ANCOL,0,0,0,0
3/6/2020,MARINA ANCOL,0,0,0,0
3/7/2020,MARINA ANCOL,0,0,0,0
3/8/2020,MARINA ANCOL,0,0,0,0
3/9/2020,MARINA ANCOL,0,0,0,0
3/10/2020,MARINA ANCOL,0,0,0,0
3/11/2020,MARINA ANCOL,0,0,0,0
3/12/2020,MARINA ANCOL,0,0,0,0
3/13/2020,MARINA ANCOL,0,0,0,0
3/14/2020,MARINA ANCOL,0,0,0,0
3/15/2020,MARINA ANCOL,0,0,0,0
3/16/2020,MARINA ANCOL,0,0,0,0
3/17/2020,MARINA ANCOL,0,0,0,0
3/18/2020,MARINA ANCOL,0,0,0,0
3/19/2020,MARINA ANCOL,0,0,0,0
3/20/2020,MARINA ANCOL,0,0,0,0
3/21/2020,MARINA ANCOL,0,0,0,0
3/22/2020,MARINA ANCOL,0,0,0,0
3/23/2020,MARINA ANCOL,0,0,0,0
3/24/2020,MARINA ANCOL,0,0,0,0
3/25/2020,MARINA ANCOL,0,0,0,0
3/26/2020,MARINA ANCOL,0,0,0,0
3/27/2020,MARINA ANCOL,0,0,0,0
3/28/2020,MARINA ANCOL,0,0,0,0
3/29/2020,MARINA ANCOL,0,0,0,0
3/30/2020,MARINA ANCOL,0,0,0,0
3/31/2020,MARINA ANCOL,0,0,0,0
3/1/2020,UNTUNG JAWA,13,13,454,412
3/2/2020,UNTUNG JAWA,11,11,129,141
3/3/2020,UNTUNG JAWA,10,10,123,141
3/4/2020,UNTUNG JAWA,9,9,119,117
3/5/2020,UNTUNG JAWA,8,8,77,87
3/6/2020,UNTUNG JAWA,10,10,112,122
3/7/2020,UNTUNG JAWA,11,11,183,194
3/8/2020,UNTUNG JAWA,13,13,233,253
3/9/2020,UNTUNG JAWA,12,12,113,140
3/10/2020,UNTUNG JAWA,9,9,108,98
3/11/2020,UNTUNG JAWA,9,9,95,61
3/12/2020,UNTUNG JAWA,7,7,111,120
3/13/2020,UNTUNG JAWA,5,5,89,97
3/14/2020,UNTUNG JAWA,9,9,193,202
3/15/2020,UNTUNG JAWA,12,12,283,323
3/16/2020,UNTUNG JAWA,7,7,118,140
3/17/2020,UNTUNG JAWA,8,8,112,120
3/18/2020,UNTUNG JAWA,7,7,104,127
3/19/2020,UNTUNG JAWA,10,9,144,134
3/20/2020,UNTUNG JAWA,5,5,74,63
3/21/2020,UNTUNG JAWA,5,5,59,79
3/22/2020,UNTUNG JAWA,5,5,62,64
3/23/2020,UNTUNG JAWA,5,5,59,61
3/24/2020,UNTUNG JAWA,5,5,46,55
3/25/2020,UNTUNG JAWA,5,5,54,66
3/26/2020,UNTUNG JAWA,5,5,38,40
3/27/2020,UNTUNG JAWA,5,5,33,37
3/28/2020,UNTUNG JAWA,4,4,33,28
3/29/2020,UNTUNG JAWA,3,3,37,32
3/30/2020,UNTUNG JAWA,2,2,20,16
3/31/2020,UNTUNG JAWA,2,2,20,23
3/1/2020,LANCANG,5,5,46,41
3/2/2020,LANCANG,5,5,38,46
3/3/2020,LANCANG,5,5,34,48
3/4/2020,LANCANG,5,5,42,29
3/5/2020,LANCANG,5,5,49,47
3/6/2020,LANCANG,5,5,46,51
3/7/2020,LANCANG,5,5,36,58
3/8/2020,LANCANG,5,5,64,65
3/9/2020,LANCANG,5,5,49,50
3/10/2020,LANCANG,5,5,39,63
3/11/2020,LANCANG,5,5,45,45
3/12/2020,LANCANG,5,5,40,58
3/13/2020,LANCANG,5,5,47,65
3/14/2020,LANCANG,5,5,45,53
3/15/2020,LANCANG,5,5,40,66
3/16/2020,LANCANG,3,3,24,27
3/17/2020,LANCANG,3,3,19,18
3/18/2020,LANCANG,3,3,29,43
3/19/2020,LANCANG,3,3,25,25
3/20/2020,LANCANG,3,3,18,15
3/21/2020,LANCANG,3,3,25,22
3/22/2020,LANCANG,3,3,22,23
3/23/2020,LANCANG,3,3,19,17
3/24/2020,LANCANG,3,3,15,17
3/25/2020,LANCANG,3,3,16,15
3/26/2020,LANCANG,3,3,15,8
3/27/2020,LANCANG,3,3,17,16
3/28/2020,LANCANG,3,3,14,17
3/29/2020,LANCANG,3,3,16,14
3/30/2020,LANCANG,3,3,18,19
3/31/2020,LANCANG,0,0,0,0
3/1/2020,PARI,11,4,1074,232
3/2/2020,PARI,4,4,61,102
3/3/2020,PARI,4,4,133,90
3/4/2020,PARI,4,4,87,129
3/5/2020,PARI,4,4,139,53
3/6/2020,PARI,4,4,43,85
3/7/2020,PARI,4,8,103,916
3/8/2020,PARI,8,4,913,64
3/9/2020,PARI,4,4,162,72
3/10/2020,PARI,4,4,91,76
3/11/2020,PARI,4,4,79,105
3/12/2020,PARI,4,4,155,118
3/13/2020,PARI,4,4,55,91
3/14/2020,PARI,3,6,151,667
3/15/2020,PARI,6,5,570,103
3/16/2020,PARI,4,4,87,32
3/17/2020,PARI,4,4,38,98
3/18/2020,PARI,4,4,27,47
3/19/2020,PARI,4,4,83,15
3/20/2020,PARI,3,3,25,17
3/21/2020,PARI,2,2,7,7
3/22/2020,PARI,2,2,11,17
3/23/2020,PARI,2,2,16,12
3/24/2020,PARI,2,2,6,10
3/25/2020,PARI,2,2,14,10
3/26/2020,PARI,2,2,9,5
3/27/2020,PARI,2,2,5,2
3/28/2020,PARI,2,2,5,4
3/29/2020,PARI,2,2,12,5
3/30/2020,PARI,1,1,3,2
3/31/2020,PARI,0,0,0,0
3/1/2020,TIDUNG/PAYUNG,9,5,740,113
3/2/2020,TIDUNG/PAYUNG,4,4,84,121
3/3/2020,TIDUNG/PAYUNG,3,4,85,70
3/4/2020,TIDUNG/PAYUNG,4,3,74,71
3/5/2020,TIDUNG/PAYUNG,4,3,77,80
3/6/2020,TIDUNG/PAYUNG,5,5,129,81
3/7/2020,TIDUNG/PAYUNG,3,5,45,473
3/8/2020,TIDUNG/PAYUNG,5,3,505,87
3/9/2020,TIDUNG/PAYUNG,3,5,64,186
3/10/2020,TIDUNG/PAYUNG,5,4,70,50
3/11/2020,TIDUNG/PAYUNG,4,4,62,80
3/12/2020,TIDUNG/PAYUNG,4,4,95,56
3/13/2020,TIDUNG/PAYUNG,7,5,141,124
3/14/2020,TIDUNG/PAYUNG,5,7,159,667
3/15/2020,TIDUNG/PAYUNG,6,4,674,90
3/16/2020,TIDUNG/PAYUNG,3,4,58,100
3/17/2020,TIDUNG/PAYUNG,6,3,40,64
3/18/2020,TIDUNG/PAYUNG,3,4,16,55
3/19/2020,TIDUNG/PAYUNG,3,3,11,45
3/20/2020,TIDUNG/PAYUNG,2,2,7,32
3/21/2020,TIDUNG/PAYUNG,2,2,9,28
3/22/2020,TIDUNG/PAYUNG,2,2,21,15
3/23/2020,TIDUNG/PAYUNG,2,2,13,8
3/24/2020,TIDUNG/PAYUNG,2,2,7,20
3/25/2020,TIDUNG/PAYUNG,2,2,5,18
3/26/2020,TIDUNG/PAYUNG,2,2,5,13
3/27/2020,TIDUNG/PAYUNG,2,2,6,9
3/28/2020,TIDUNG/PAYUNG,2,2,5,5
3/29/2020,TIDUNG/PAYUNG,3,2,14,0
3/30/2020,TIDUNG/PAYUNG,2,2,5,8
3/31/2020,TIDUNG/PAYUNG,0,0,0,0
3/1/2020,PRAMUKA/PANGGANG,6,3,275,98
3/2/2020,PRAMUKA/PANGGANG,5,5,64,118
3/3/2020,PRAMUKA/PANGGANG,5,5,102,94
3/4/2020,PRAMUKA/PANGGANG,5,5,87,100
3/5/2020,PRAMUKA/PANGGANG,5,7,95,102
3/6/2020,PRAMUKA/PANGGANG,5,5,139,106
3/7/2020,PRAMUKA/PANGGANG,3,5,77,283
3/8/2020,PRAMUKA/PANGGANG,6,4,303,150
3/9/2020,PRAMUKA/PANGGANG,5,5,136,103
3/10/2020,PRAMUKA/PANGGANG,4,5,77,152
3/11/2020,PRAMUKA/PANGGANG,5,5,135,101
3/12/2020,PRAMUKA/PANGGANG,5,5,110,103
3/13/2020,PRAMUKA/PANGGANG,5,5,111,151
3/14/2020,PRAMUKA/PANGGANG,3,4,130,161
3/15/2020,PRAMUKA/PANGGANG,6,6,232,202
3/16/2020,PRAMUKA/PANGGANG,5,6,106,131
3/17/2020,PRAMUKA/PANGGANG,4,5,74,113
3/18/2020,PRAMUKA/PANGGANG,5,5,57,77
3/19/2020,PRAMUKA/PANGGANG,5,5,55,58
3/20/2020,PRAMUKA/PANGGANG,4,4,62,42
3/21/2020,PRAMUKA/PANGGANG,3,4,41,41
3/22/2020,PRAMUKA/PANGGANG,3,2,29,29
3/23/2020,PRAMUKA/PANGGANG,2,2,16,18
3/24/2020,PRAMUKA/PANGGANG,2,53,15,33
3/25/2020,PRAMUKA/PANGGANG,3,2,15,19
3/26/2020,PRAMUKA/PANGGANG,3,2,9,23
3/27/2020,PRAMUKA/PANGGANG,2,3,11,33
3/28/2020,PRAMUKA/PANGGANG,2,3,14,34
3/29/2020,PRAMUKA/PANGGANG,3,3,41,26
3/30/2020,PRAMUKA/PANGGANG,2,3,11,38
3/31/2020,PRAMUKA/PANGGANG,3,2,26,12
3/1/2020,KELAPA,4,3,105,108
3/2/2020,KELAPA,2,4,87,100
3/3/2020,KELAPA,4,2,102,84
3/4/2020,KELAPA,4,3,99,106
3/5/2020,KELAPA,4,4,68,103
3/6/2020,KELAPA,3,4,91,118
3/7/2020,KELAPA,5,5,81,261
3/8/2020,KELAPA,4,4,78,112
3/9/2020,KELAPA,2,4,95,64
3/10/2020,KELAPA,4,4,52,135
3/11/2020,KELAPA,4,4,90,103
3/12/2020,KELAPA,4,4,106,153
3/13/2020,KELAPA,4,4,59,97
3/14/2020,KELAPA,4,5,74,116
3/15/2020,KELAPA,4,4,80,69
3/16/2020,KELAPA,3,4,64,92
3/17/2020,KELAPA,3,4,97,56
3/18/2020,KELAPA,4,4,52,68
3/19/2020,KELAPA,4,4,76,90
3/20/2020,KELAPA,3,3,45,98
3/21/2020,KELAPA,2,3,23,54
3/22/2020,KELAPA,3,1,93,12
3/23/2020,KELAPA,3,3,30,43
3/24/2020,KELAPA,3,2,25,17
3/25/2020,KELAPA,2,3,10,60
3/26/2020,KELAPA,3,2,40,3
3/27/2020,KELAPA,2,1,3,22
3/28/2020,KELAPA,2,3,51,31
3/29/2020,KELAPA,2,2,39,53
3/30/2020,KELAPA,1,3,4,34
3/31/2020,KELAPA,2,2,21,13
3/1/2020,HARAPAN,5,1,502,16
3/2/2020,HARAPAN,1,2,7,20
3/3/2020,HARAPAN,2,1,19,7
3/4/2020,HARAPAN,1,1,10,4
3/5/2020,HARAPAN,1,1,11,31
3/6/2020,HARAPAN,3,1,95,15
3/7/2020,HARAPAN,2,5,17,461
3/8/2020,HARAPAN,6,2,428,10
3/9/2020,HARAPAN,1,2,6,5
3/10/2020,HARAPAN,1,1,9,30
3/11/2020,HARAPAN,1,1,7,18
3/12/2020,HARAPAN,1,1,19,18
3/13/2020,HARAPAN,3,1,46,19
3/14/2020,HARAPAN,2,5,31,359
3/15/2020,HARAPAN,3,1,330,3
3/16/2020,HARAPAN,3,4,53,65
3/17/2020,HARAPAN,1,1,3,6
3/18/2020,HARAPAN,1,1,13,4
3/19/2020,HARAPAN,2,1,12,11
3/20/2020,HARAPAN,0,0,0,0
3/21/2020,HARAPAN,0,0,0,0
3/22/2020,HARAPAN,0,0,0,0
3/23/2020,HARAPAN,2,0,33,0
3/24/2020,HARAPAN,0,0,0,0
3/25/2020,HARAPAN,0,0,0,0
3/26/2020,HARAPAN,2,1,6,6
3/27/2020,HARAPAN,1,1,1,0
3/28/2020,HARAPAN,0,0,0,0
3/29/2020,HARAPAN,0,0,0,0
3/30/2020,HARAPAN,0,0,0,0
3/31/2020,HARAPAN,0,0,0,0
3/1/2020,SABIRA,1,0,13,0
3/2/2020,SABIRA,0,1,0,22
3/3/2020,SABIRA,1,0,13,0
3/4/2020,SABIRA,0,1,0,5
3/5/2020,SABIRA,1,0,8,0
3/6/2020,SABIRA,0,1,0,13
3/7/2020,SABIRA,1,1,8,17
3/8/2020,SABIRA,1,0,22,0
3/9/2020,SABIRA,0,1,18,0
3/10/2020,SABIRA,1,1,2,13
3/11/2020,SABIRA,1,1,15,15
3/12/2020,SABIRA,1,0,9,0
3/13/2020,SABIRA,0,1,0,9
3/14/2020,SABIRA,1,1,5,20
3/15/2020,SABIRA,1,0,18,0
3/16/2020,SABIRA,0,2,0,52
3/17/2020,SABIRA,2,0,34,0
3/18/2020,SABIRA,0,2,0,27
3/19/2020,SABIRA,3,2,18,10
3/20/2020,SABIRA,0,1,0,9
3/21/2020,SABIRA,1,1,3,11
3/22/2020,SABIRA,1,0,4,0
3/23/2020,SABIRA,0,1,0,4
3/24/2020,SABIRA,1,0,7,0
3/25/2020,SABIRA,0,1,0,3
3/26/2020,SABIRA,1,0,3,0
3/27/2020,SABIRA,0,0,0,0
3/28/2020,SABIRA,0,1,0,6
3/29/2020,SABIRA,1,0,4,0
3/30/2020,SABIRA,0,1,6,0
3/31/2020,SABIRA,1,0,7,0
4/1/2020,MUARA ANGKE,4,2,64,27
4/2/2020,MUARA ANGKE,0,3,0,29
4/3/2020,MUARA ANGKE,1,0,20,0
4/4/2020,MUARA ANGKE,1,0,31,0
4/5/2020,MUARA ANGKE,0,1,0,41
4/6/2020,MUARA ANGKE,3,2,55,33
4/7/2020,MUARA ANGKE,0,1,0,30
4/8/2020,MUARA ANGKE,1,2,11,0
4/9/2020,MUARA ANGKE,1,1,10,26
4/10/2020,MUARA ANGKE,0,0,0,0
4/11/2020,MUARA ANGKE,0,0,0,0
4/12/2020,MUARA ANGKE,1,1,21,0
4/13/2020,MUARA ANGKE,2,3,31,52
4/14/2020,MUARA ANGKE,1,1,17,4
4/15/2020,MUARA ANGKE,1,1,15,14
4/16/2020,MUARA ANGKE,1,0,17,0
4/17/2020,MUARA ANGKE,0,2,0,26
4/18/2020,MUARA ANGKE,2,0,20,0
4/19/2020,MUARA ANGKE,0,1,0,25
4/20/2020,MUARA ANGKE,3,3,46,32
4/21/2020,MUARA ANGKE,0,1,0,13
4/22/2020,MUARA ANGKE,1,0,20,0
4/23/2020,MUARA ANGKE,0,1,0,18
4/24/2020,MUARA ANGKE,0,0,0,0
4/25/2020,MUARA ANGKE,1,0,0,0
4/26/2020,MUARA ANGKE,0,1,0,13
4/27/2020,MUARA ANGKE,0,0,0,0
4/28/2020,MUARA ANGKE,1,0,0,0
4/29/2020,MUARA ANGKE,0,1,0,1
4/30/2020,MUARA ANGKE,1,0,0,0
1/1/2020,MARINA ANCOL,0,0,0,0
1/2/2020,MARINA ANCOL,0,0,0,0
1/3/2020,MARINA ANCOL,0,0,0,0
1/4/2020,MARINA ANCOL,0,0,0,0
1/5/2020,MARINA ANCOL,0,0,0,0
1/6/2020,MARINA ANCOL,0,0,0,0
1/7/2020,MARINA ANCOL,0,0,0,0
1/8/2020,MARINA ANCOL,0,0,0,0
1/9/2020,MARINA ANCOL,0,0,0,0
1/10/2020,MARINA ANCOL,0,0,0,0
1/11/2020,MARINA ANCOL,0,0,0,0
1/12/2020,MARINA ANCOL,0,0,0,0
1/13/2020,MARINA ANCOL,0,0,0,0
1/14/2020,MARINA ANCOL,0,0,0,0
1/15/2020,MARINA ANCOL,0,0,0,0
1/16/2020,MARINA ANCOL,0,0,0,0
1/17/2020,MARINA ANCOL,0,0,0,0
1/18/2020,MARINA ANCOL,0,0,0,0
1/19/2020,MARINA ANCOL,0,0,0,0
1/20/2020,MARINA ANCOL,0,0,0,0
1/21/2020,MARINA ANCOL,0,0,0,0
1/22/2020,MARINA ANCOL,0,0,0,0
1/23/2020,MARINA ANCOL,0,0,0,0
1/24/2020,MARINA ANCOL,0,0,0,0
1/25/2020,MARINA ANCOL,0,0,0,0
1/26/2020,MARINA ANCOL,0,0,0,0
1/27/2020,MARINA ANCOL,0,0,0,0
1/28/2020,MARINA ANCOL,0,0,0,0
1/29/2020,MARINA ANCOL,0,0,0,0
1/30/2020,MARINA ANCOL,0,0,0,0
1/31/2020,MARINA ANCOL,0,0,0,0
4/1/2020,UNTUNG JAWA,7,7,19,20
4/2/2020,UNTUNG JAWA,3,3,25,25
4/3/2020,UNTUNG JAWA,3,3,20,25
4/4/2020,UNTUNG JAWA,3,3,17,29
4/5/2020,UNTUNG JAWA,1,1,3,3
4/6/2020,UNTUNG JAWA,5,5,27,29
4/7/2020,UNTUNG JAWA,1,1,2,2
4/8/2020,UNTUNG JAWA,0,0,0,0
4/9/2020,UNTUNG JAWA,3,3,21,33
4/10/2020,UNTUNG JAWA,0,0,0,0
4/11/2020,UNTUNG JAWA,3,3,26,21
4/12/2020,UNTUNG JAWA,0,0,0,0
4/13/2020,UNTUNG JAWA,5,5,36,29
4/14/2020,UNTUNG JAWA,1,1,5,0
4/15/2020,UNTUNG JAWA,2,2,3,3
4/16/2020,UNTUNG JAWA,4,4,31,27
4/17/2020,UNTUNG JAWA,2,2,2,1
4/18/2020,UNTUNG JAWA,4,4,29,20
4/19/2020,UNTUNG JAWA,2,2,2,3
4/20/2020,UNTUNG JAWA,6,6,15,15
4/21/2020,UNTUNG JAWA,2,2,0,3
4/22/2020,UNTUNG JAWA,2,2,1,2
4/23/2020,UNTUNG JAWA,4,4,29,32
4/24/2020,UNTUNG JAWA,1,1,2,0
4/25/2020,UNTUNG JAWA,4,4,14,0
4/26/2020,UNTUNG JAWA,2,2,2,10
4/27/2020,UNTUNG JAWA,2,2,0,0
4/28/2020,UNTUNG JAWA,4,4,0,0
4/29/2020,UNTUNG JAWA,2,2,0,10
4/30/2020,UNTUNG JAWA,3,3,0,1
4/1/2020,LANCANG,3,3,22,14
4/2/2020,LANCANG,2,2,17,20
4/3/2020,LANCANG,2,2,12,10
4/4/2020,LANCANG,2,2,24,19
4/5/2020,LANCANG,2,2,16,16
4/6/2020,LANCANG,3,3,32,17
4/7/2020,LANCANG,2,2,9,11
4/8/2020,LANCANG,2,2,6,11
4/9/2020,LANCANG,2,2,7,12
4/10/2020,LANCANG,2,2,7,6
4/11/2020,LANCANG,2,2,6,11
4/12/2020,LANCANG,2,2,6,7
4/13/2020,LANCANG,3,3,8,25
4/14/2020,LANCANG,2,2,11,4
4/15/2020,LANCANG,2,2,5,15
4/16/2020,LANCANG,2,2,10,11
4/17/2020,LANCANG,2,2,6,5
4/18/2020,LANCANG,2,2,0,0
4/19/2020,LANCANG,2,2,0,0
4/20/2020,LANCANG,2,2,0,0
4/21/2020,LANCANG,2,2,0,0
4/22/2020,LANCANG,2,2,11,17
4/23/2020,LANCANG,2,2,8,5
4/24/2020,LANCANG,0,0,0,0
4/25/2020,LANCANG,0,0,0,0
4/26/2020,LANCANG,0,0,0,0
4/27/2020,LANCANG,0,0,0,0
4/28/2020,LANCANG,0,0,0,0
4/29/2020,LANCANG,0,0,0,0
4/30/2020,LANCANG,0,0,0,0
4/1/2020,PARI,2,2,0,4
4/2/2020,PARI,1,1,7,3
4/3/2020,PARI,0,0,0,0
4/4/2020,PARI,1,1,14,0
4/5/2020,PARI,1,1,0,4
4/6/2020,PARI,1,1,4,0
4/7/2020,PARI,0,0,0,0
4/8/2020,PARI,1,1,4,3
4/9/2020,PARI,0,0,0,0
4/10/2020,PARI,1,1,2,4
4/11/2020,PARI,0,0,0,0
4/12/2020,PARI,1,1,2,3
4/13/2020,PARI,1,1,3,2
4/14/2020,PARI,1,1,4,6
4/15/2020,PARI,0,0,0,0
4/16/2020,PARI,1,1,7,6
4/17/2020,PARI,0,0,0,0
4/18/2020,PARI,1,1,0,0
4/19/2020,PARI,0,0,0,0
4/20/2020,PARI,1,1,15,6
4/21/2020,PARI,0,0,0,0
4/22/2020,PARI,1,1,8,4
4/23/2020,PARI,0,0,0,0
4/24/2020,PARI,1,1,1,0
4/25/2020,PARI,0,0,0,0
4/26/2020,PARI,1,1,4,4
4/27/2020,PARI,0,0,0,0
4/28/2020,PARI,1,1,2,3
4/29/2020,PARI,0,0,0,0
4/30/2020,PARI,1,1,1,0
4/1/2020,TIDUNG/PAYUNG,3,3,24,17
4/2/2020,TIDUNG/PAYUNG,1,1,0,0
4/3/2020,TIDUNG/PAYUNG,1,1,3,2
4/4/2020,TIDUNG/PAYUNG,1,1,20,4
4/5/2020,TIDUNG/PAYUNG,1,1,7,4
4/6/2020,TIDUNG/PAYUNG,3,3,10,33
4/7/2020,TIDUNG/PAYUNG,1,1,0,0
4/8/2020,TIDUNG/PAYUNG,1,1,6,0
4/9/2020,TIDUNG/PAYUNG,1,1,0,4
4/10/2020,TIDUNG/PAYUNG,1,1,3,0
4/11/2020,TIDUNG/PAYUNG,1,1,5,4
4/12/2020,TIDUNG/PAYUNG,1,1,5,1
4/13/2020,TIDUNG/PAYUNG,2,2,0,2
4/14/2020,TIDUNG/PAYUNG,1,1,2,4
4/15/2020,TIDUNG/PAYUNG,1,1,2,4
4/16/2020,TIDUNG/PAYUNG,1,1,3,1
4/17/2020,TIDUNG/PAYUNG,1,1,3,1
4/18/2020,TIDUNG/PAYUNG,1,1,0,3
4/19/2020,TIDUNG/PAYUNG,1,1,0,1
4/20/2020,TIDUNG/PAYUNG,3,3,2,6
4/21/2020,TIDUNG/PAYUNG,2,2,9,7
4/22/2020,TIDUNG/PAYUNG,1,1,3,1
4/23/2020,TIDUNG/PAYUNG,1,1,0,9
4/24/2020,TIDUNG/PAYUNG,1,1,0,0
4/25/2020,TIDUNG/PAYUNG,1,1,0,1
4/26/2020,TIDUNG/PAYUNG,1,1,3,2
4/27/2020,TIDUNG/PAYUNG,1,1,0,1
4/28/2020,TIDUNG/PAYUNG,1,1,0,0
4/29/2020,TIDUNG/PAYUNG,1,1,0,3
4/30/2020,TIDUNG/PAYUNG,1,1,3,0
4/1/2020,PRAMUKA/PANGGANG,3,4,17,22
4/2/2020,PRAMUKA/PANGGANG,4,1,15,0
4/3/2020,PRAMUKA/PANGGANG,1,1,3,0
4/4/2020,PRAMUKA/PANGGANG,0,1,0,11
4/5/2020,PRAMUKA/PANGGANG,1,0,17,0
4/6/2020,PRAMUKA/PANGGANG,2,3,12,15
4/7/2020,PRAMUKA/PANGGANG,2,2,7,3
4/8/2020,PRAMUKA/PANGGANG,1,0,5,0
4/9/2020,PRAMUKA/PANGGANG,2,2,19,3
4/10/2020,PRAMUKA/PANGGANG,2,1,9,0
4/11/2020,PRAMUKA/PANGGANG,1,2,0,1
4/12/2020,PRAMUKA/PANGGANG,0,1,0,11
4/13/2020,PRAMUKA/PANGGANG,4,4,18,29
4/14/2020,PRAMUKA/PANGGANG,0,0,1,6
4/15/2020,PRAMUKA/PANGGANG,1,1,8,0
4/16/2020,PRAMUKA/PANGGANG,1,2,0,2
4/17/2020,PRAMUKA/PANGGANG,1,1,2,0
4/18/2020,PRAMUKA/PANGGANG,0,1,0,10
4/19/2020,PRAMUKA/PANGGANG,1,0,24,0
4/20/2020,PRAMUKA/PANGGANG,2,4,11,17
4/21/2020,PRAMUKA/PANGGANG,4,4,12,9
4/22/2020,PRAMUKA/PANGGANG,2,2,7,0
4/23/2020,PRAMUKA/PANGGANG,1,0,13,0
4/24/2020,PRAMUKA/PANGGANG,0,0,0,0
4/25/2020,PRAMUKA/PANGGANG,1,1,7,2
4/26/2020,PRAMUKA/PANGGANG,1,1,17,0
4/27/2020,PRAMUKA/PANGGANG,0,0,0,0
4/28/2020,PRAMUKA/PANGGANG,4,6,18,26
4/29/2020,PRAMUKA/PANGGANG,1,1,0,0
4/30/2020,PRAMUKA/PANGGANG,1,0,2,0
4/1/2020,KELAPA,2,3,2,38
4/2/2020,KELAPA,4,2,22,2
4/3/2020,KELAPA,1,2,3,20
4/4/2020,KELAPA,1,2,0,15
4/5/2020,KELAPA,1,2,24,7
4/6/2020,KELAPA,1,2,9,28
4/7/2020,KELAPA,0,0,0,0
4/8/2020,KELAPA,2,3,2,12
4/9/2020,KELAPA,3,3,53,20
4/10/2020,KELAPA,2,1,0,0
4/11/2020,KELAPA,1,1,0,0
4/12/2020,KELAPA,1,2,0,10
4/13/2020,KELAPA,3,2,32,16
4/14/2020,KELAPA,2,2,7,13
4/15/2020,KELAPA,2,2,8,15
4/16/2020,KELAPA,1,2,0,14
4/17/2020,KELAPA,3,2,30,0
4/18/2020,KELAPA,1,3,0,10
4/19/2020,KELAPA,1,1,23,0
4/20/2020,KELAPA,3,2,14,22
4/21/2020,KELAPA,2,2,15,0
4/22/2020,KELAPA,1,2,0,13
4/23/2020,KELAPA,2,2,8,0
4/24/2020,KELAPA,0,2,0,0
4/25/2020,KELAPA,0,0,0,0
4/26/2020,KELAPA,2,2,0,0
4/27/2020,KELAPA,2,3,3,0
4/28/2020,KELAPA,2,4,7,15
4/29/2020,KELAPA,2,1,0,0
4/30/2020,KELAPA,0,1,0,0
4/1/2020,HARAPAN,1,0,0,0
4/2/2020,HARAPAN,1,1,7,7
4/3/2020,HARAPAN,0,0,0,0
4/4/2020,HARAPAN,0,0,0,0
4/5/2020,HARAPAN,0,0,0,0
4/6/2020,HARAPAN,2,1,0,2
4/7/2020,HARAPAN,1,0,0,0
4/8/2020,HARAPAN,0,0,0,0
4/9/2020,HARAPAN,1,2,7,7
4/10/2020,HARAPAN,0,0,0,0
4/11/2020,HARAPAN,1,1,1,0
4/12/2020,HARAPAN,0,0,0,0
4/13/2020,HARAPAN,1,1,0,0
4/14/2020,HARAPAN,1,1,0,3
4/15/2020,HARAPAN,1,1,0,0
4/16/2020,HARAPAN,1,0,9,0
4/17/2020,HARAPAN,0,0,0,0
4/18/2020,HARAPAN,0,0,0,0
4/19/2020,HARAPAN,0,0,0,0
4/20/2020,HARAPAN,3,3,5,7
4/21/2020,HARAPAN,1,2,6,0
4/22/2020,HARAPAN,2,3,6,9
4/23/2020,HARAPAN,1,1,0,0
4/24/2020,HARAPAN,1,1,2,0
4/25/2020,HARAPAN,0,0,0,0
4/26/2020,HARAPAN,0,0,0,0
4/27/2020,HARAPAN,0,0,0,0
4/28/2020,HARAPAN,0,0,0,0
4/29/2020,HARAPAN,0,1,0,0
4/30/2020,HARAPAN,2,0,8,0
4/1/2020,SABIRA,0,0,1,4
4/2/2020,SABIRA,1,3,0,0
4/3/2020,SABIRA,0,0,0,0
4/4/2020,SABIRA,0,0,0,0
4/5/2020,SABIRA,0,0,0,0
4/6/2020,SABIRA,0,0,0,0
4/7/2020,SABIRA,0,1,0,3
4/8/2020,SABIRA,0,0,0,0
4/9/2020,SABIRA,0,1,0,4
4/10/2020,SABIRA,0,1,0,21
4/11/2020,SABIRA,1,0,21,0
4/12/2020,SABIRA,0,0,0,0
4/13/2020,SABIRA,0,0,0,0
4/14/2020,SABIRA,0,0,0,0
4/15/2020,SABIRA,0,1,0,9
4/16/2020,SABIRA,0,0,0,0
4/17/2020,SABIRA,1,1,15,15
4/18/2020,SABIRA,1,1,15,15
4/19/2020,SABIRA,0,0,0,0
4/20/2020,SABIRA,0,0,0,0
4/21/2020,SABIRA,0,0,0,0
4/22/2020,SABIRA,1,0,11,0
4/23/2020,SABIRA,0,0,0,0
4/24/2020,SABIRA,0,0,0,0
4/25/2020,SABIRA,0,0,0,0
4/26/2020,SABIRA,0,0,0,0
4/27/2020,SABIRA,0,0,0,0
4/28/2020,SABIRA,0,0,0,0
4/29/2020,SABIRA,0,0,0,0
4/30/2020,SABIRA,0,0,0,0
5/1/2020,MUARA ANGKE,0,1,0,0
5/2/2020,MUARA ANGKE,1,0,0,0
5/3/2020,MUARA ANGKE,0,1,0,4
5/4/2020,MUARA ANGKE,1,0,2,0
5/5/2020,MUARA ANGKE,0,1,0,1
5/6/2020,MUARA ANGKE,1,0,0,0
5/7/2020,MUARA ANGKE,0,1,0,4
5/8/2020,MUARA ANGKE,0,0,0,0
5/9/2020,MUARA ANGKE,1,0,0,0
5/10/2020,MUARA ANGKE,0,1,0,4
5/11/2020,MUARA ANGKE,1,0,2,0
5/12/2020,MUARA ANGKE,0,1,0,0
5/13/2020,MUARA ANGKE,1,0,0,0
5/14/2020,MUARA ANGKE,0,1,0,11
5/15/2020,MUARA ANGKE,0,0,0,0
5/16/2020,MUARA ANGKE,1,0,4,0
5/17/2020,MUARA ANGKE,0,3,0,4
5/18/2020,MUARA ANGKE,3,3,16,5
5/19/2020,MUARA ANGKE,0,1,0,5
5/20/2020,MUARA ANGKE,1,0,1,0
5/21/2020,MUARA ANGKE,0,1,0,5
5/22/2020,MUARA ANGKE,1,0,5,0
5/23/2020,MUARA ANGKE,0,1,0,0
5/24/2020,MUARA ANGKE,0,0,0,0
5/25/2020,MUARA ANGKE,1,0,4,0
5/26/2020,MUARA ANGKE,0,1,0,52
5/27/2020,MUARA ANGKE,1,0,4,0
5/28/2020,MUARA ANGKE,0,1,0,47
5/29/2020,MUARA ANGKE,0,0,0,0
5/30/2020,MUARA ANGKE,1,0,13,0
5/31/2020,MUARA ANGKE,0,1,0,31
5/1/2020,MARINA ANCOL,0,0,0,0
5/2/2020,MARINA ANCOL,0,0,0,0
5/3/2020,MARINA ANCOL,0,0,0,0
5/4/2020,MARINA ANCOL,0,0,0,0
5/5/2020,MARINA ANCOL,2,2,40,34
5/6/2020,MARINA ANCOL,0,0,0,0
5/7/2020,MARINA ANCOL,0,0,0,0
5/8/2020,MARINA ANCOL,0,0,0,0
5/9/2020,MARINA ANCOL,0,0,0,0
5/10/2020,MARINA ANCOL,0,0,0,0
5/11/2020,MARINA ANCOL,0,0,0,0
5/12/2020,MARINA ANCOL,2,2,57,48
5/13/2020,MARINA ANCOL,0,0,0,0
5/14/2020,MARINA ANCOL,0,0,0,0
5/15/2020,MARINA ANCOL,0,0,0,0
5/16/2020,MARINA ANCOL,0,0,0,0
5/17/2020,MARINA ANCOL,0,0,0,0
5/18/2020,MARINA ANCOL,0,0,0,0
5/19/2020,MARINA ANCOL,2,2,44,46
5/20/2020,MARINA ANCOL,0,0,0,0
5/21/2020,MARINA ANCOL,0,0,0,0
5/22/2020,MARINA ANCOL,0,0,0,0
5/23/2020,MARINA ANCOL,0,0,0,0
5/24/2020,MARINA ANCOL,0,0,0,0
5/25/2020,MARINA ANCOL,0,0,0,0
5/26/2020,MARINA ANCOL,2,2,62,44
5/27/2020,MARINA ANCOL,0,0,0,0
5/28/2020,MARINA ANCOL,0,0,0,0
5/29/2020,MARINA ANCOL,0,0,0,0
5/30/2020,MARINA ANCOL,0,0,0,0
5/31/2020,MARINA ANCOL,0,0,0,0
5/1/2020,UNTUNG JAWA,2,2,0,0
5/2/2020,UNTUNG JAWA,3,3,0,0
5/3/2020,UNTUNG JAWA,2,2,4,0
5/4/2020,UNTUNG JAWA,3,3,1,0
5/5/2020,UNTUNG JAWA,4,4,2,0
5/6/2020,UNTUNG JAWA,2,2,0,0
5/7/2020,UNTUNG JAWA,3,3,0,0
5/8/2020,UNTUNG JAWA,2,2,1,0
5/9/2020,UNTUNG JAWA,3,3,0,0
5/10/2020,UNTUNG JAWA,2,2,0,0
5/11/2020,UNTUNG JAWA,3,3,7,0
5/12/2020,UNTUNG JAWA,4,4,4,0
5/13/2020,UNTUNG JAWA,2,2,2,0
5/14/2020,UNTUNG JAWA,4,4,7,0
5/15/2020,UNTUNG JAWA,1,1,0,0
5/16/2020,UNTUNG JAWA,4,4,1,0
5/17/2020,UNTUNG JAWA,2,2,0,0
5/18/2020,UNTUNG JAWA,5,5,5,0
5/19/2020,UNTUNG JAWA,6,6,32,0
5/20/2020,UNTUNG JAWA,3,3,0,0
5/21/2020,UNTUNG JAWA,3,3,0,0
5/22/2020,UNTUNG JAWA,3,3,0,0
5/23/2020,UNTUNG JAWA,3,3,0,0
5/24/2020,UNTUNG JAWA,0,0,0,0
5/25/2020,UNTUNG JAWA,3,3,1,0
5/26/2020,UNTUNG JAWA,5,5,30,0
5/27/2020,UNTUNG JAWA,3,3,0,0
5/28/2020,UNTUNG JAWA,4,4,16,0
5/29/2020,UNTUNG JAWA,2,2,0,0
5/30/2020,UNTUNG JAWA,3,3,10,0
5/31/2020,UNTUNG JAWA,2,2,0,0
5/1/2020,LANCANG,2,2,0,0
5/2/2020,LANCANG,2,2,0,1
5/3/2020,LANCANG,2,2,0,0
5/4/2020,LANCANG,2,2,0,0
5/5/2020,LANCANG,2,2,5,2
5/6/2020,LANCANG,2,2,3,3
5/7/2020,LANCANG,2,2,3,0
5/8/2020,LANCANG,2,2,1,0
5/9/2020,LANCANG,2,2,3,2
5/10/2020,LANCANG,2,2,1,4
5/11/2020,LANCANG,2,2,0,2
5/12/2020,LANCANG,2,2,4,0
5/13/2020,LANCANG,2,2,1,1
5/14/2020,LANCANG,2,2,8,6
5/15/2020,LANCANG,2,2,4,1
5/16/2020,LANCANG,2,2,4,4
5/17/2020,LANCANG,2,2,6,4
5/18/2020,LANCANG,2,2,8,6
5/19/2020,LANCANG,2,2,7,11
5/20/2020,LANCANG,2,2,9,6
5/21/2020,LANCANG,2,2,9,9
5/22/2020,LANCANG,2,2,11,9
5/23/2020,LANCANG,2,2,11,15
5/24/2020,LANCANG,2,2,17,23
5/25/2020,LANCANG,2,2,47,56
5/26/2020,LANCANG,2,2,28,41
5/27/2020,LANCANG,2,2,15,32
5/28/2020,LANCANG,2,2,4,11
5/29/2020,LANCANG,2,2,8,10
5/30/2020,LANCANG,2,2,15,32
5/31/2020,LANCANG,2,2,11,15
5/1/2020,PARI,0,0,0,0
5/2/2020,PARI,1,1,0,0
5/3/2020,PARI,0,0,0,0
5/4/2020,PARI,1,1,3,0
5/5/2020,PARI,0,0,0,0
5/6/2020,PARI,1,1,0,0
5/7/2020,PARI,0,0,0,0
5/8/2020,PARI,1,1,0,0
5/9/2020,PARI,0,0,0,0
5/10/2020,PARI,1,1,2,0
5/11/2020,PARI,0,0,0,0
5/12/2020,PARI,2,3,1,3
5/13/2020,PARI,0,0,0,0
5/14/2020,PARI,1,1,2,4
5/15/2020,PARI,0,0,0,0
5/16/2020,PARI,1,1,2,5
5/17/2020,PARI,0,0,0,0
5/18/2020,PARI,1,1,3,7
5/19/2020,PARI,1,1,1,0
5/20/2020,PARI,1,1,4,1
5/21/2020,PARI,0,0,0,0
5/22/2020,PARI,1,1,3,2
5/23/2020,PARI,0,0,0,0
5/24/2020,PARI,0,0,0,0
5/25/2020,PARI,0,0,0,0
5/26/2020,PARI,1,1,1,6
5/27/2020,PARI,1,1,12,3
5/28/2020,PARI,0,1,1,0
5/29/2020,PARI,1,1,13,13
5/30/2020,PARI,0,1,0,1
5/31/2020,PARI,1,1,11,10
5/1/2020,TIDUNG/PAYUNG,1,1,2,0
5/2/2020,TIDUNG/PAYUNG,1,1,0,0
5/3/2020,TIDUNG/PAYUNG,1,1,0,0
5/4/2020,TIDUNG/PAYUNG,1,1,1,0
5/5/2020,TIDUNG/PAYUNG,2,2,13,14
5/6/2020,TIDUNG/PAYUNG,1,1,5,1
5/7/2020,TIDUNG/PAYUNG,1,1,3,8
5/8/2020,TIDUNG/PAYUNG,1,1,1,1
5/9/2020,TIDUNG/PAYUNG,1,1,3,4
5/10/2020,TIDUNG/PAYUNG,1,1,1,1
5/11/2020,TIDUNG/PAYUNG,1,1,0,0
5/12/2020,TIDUNG/PAYUNG,2,2,13,15
5/13/2020,TIDUNG/PAYUNG,1,1,4,4
5/14/2020,TIDUNG/PAYUNG,1,1,1,3
5/15/2020,TIDUNG/PAYUNG,1,1,3,3
5/16/2020,TIDUNG/PAYUNG,1,1,3,1
5/17/2020,TIDUNG/PAYUNG,1,1,2,2
5/18/2020,TIDUNG/PAYUNG,1,1,2,2
5/19/2020,TIDUNG/PAYUNG,2,2,12,10
5/20/2020,TIDUNG/PAYUNG,1,1,2,3
5/21/2020,TIDUNG/PAYUNG,1,1,2,4
5/22/2020,TIDUNG/PAYUNG,1,1,4,0
5/23/2020,TIDUNG/PAYUNG,1,1,2,6
5/24/2020,TIDUNG/PAYUNG,0,0,0,0
5/25/2020,TIDUNG/PAYUNG,0,0,0,0
5/26/2020,TIDUNG/PAYUNG,2,2,15,13
5/27/2020,TIDUNG/PAYUNG,1,1,5,5
5/28/2020,TIDUNG/PAYUNG,1,1,3,0
5/29/2020,TIDUNG/PAYUNG,1,1,3,4
5/30/2020,TIDUNG/PAYUNG,1,1,3,0
5/31/2020,TIDUNG/PAYUNG,1,1,3,4
5/1/2020,PRAMUKA/PANGGANG,1,2,0,0
5/2/2020,PRAMUKA/PANGGANG,0,1,0,0
5/3/2020,PRAMUKA/PANGGANG,1,0,0,0
5/4/2020,PRAMUKA/PANGGANG,0,1,0,3
5/5/2020,PRAMUKA/PANGGANG,5,4,6,30
5/6/2020,PRAMUKA/PANGGANG,1,2,0,0
5/7/2020,PRAMUKA/PANGGANG,1,0,2,0
5/8/2020,PRAMUKA/PANGGANG,0,0,0,0
5/9/2020,PRAMUKA/PANGGANG,1,1,0,0
5/10/2020,PRAMUKA/PANGGANG,1,0,2,0
5/11/2020,PRAMUKA/PANGGANG,0,1,0,0
5/12/2020,PRAMUKA/PANGGANG,2,2,17,25
5/13/2020,PRAMUKA/PANGGANG,1,2,0,0
5/14/2020,PRAMUKA/PANGGANG,1,0,9,0
5/15/2020,PRAMUKA/PANGGANG,0,0,0,0
5/16/2020,PRAMUKA/PANGGANG,0,0,0,0
5/17/2020,PRAMUKA/PANGGANG,3,3,1,0
5/18/2020,PRAMUKA/PANGGANG,0,1,0,4
5/19/2020,PRAMUKA/PANGGANG,3,3,28,28
5/20/2020,PRAMUKA/PANGGANG,0,0,0,0
5/21/2020,PRAMUKA/PANGGANG,4,4,10,0
5/22/2020,PRAMUKA/PANGGANG,0,1,0,2
5/23/2020,PRAMUKA/PANGGANG,2,1,4,0
5/24/2020,PRAMUKA/PANGGANG,0,1,0,3
5/25/2020,PRAMUKA/PANGGANG,1,1,1,2
5/26/2020,PRAMUKA/PANGGANG,3,3,48,26
5/27/2020,PRAMUKA/PANGGANG,0,1,0,5
5/28/2020,PRAMUKA/PANGGANG,2,2,18,25
5/29/2020,PRAMUKA/PANGGANG,0,0,0,0
5/30/2020,PRAMUKA/PANGGANG,0,1,0,2
5/31/2020,PRAMUKA/PANGGANG,1,0,4,0
5/1/2020,KELAPA,1,2,0,0
5/2/2020,KELAPA,2,1,0,0
5/3/2020,KELAPA,1,2,0,0
5/4/2020,KELAPA,1,1,0,0
5/5/2020,KELAPA,3,2,8,14
5/6/2020,KELAPA,1,3,0,0
5/7/2020,KELAPA,3,1,0,0
5/8/2020,KELAPA,3,3,3,3
5/9/2020,KELAPA,1,2,0,0
5/10/2020,KELAPA,2,2,0,0
5/11/2020,KELAPA,2,3,0,0
5/12/2020,KELAPA,3,3,7,15
5/13/2020,KELAPA,3,3,0,0
5/14/2020,KELAPA,2,3,0,0
5/15/2020,KELAPA,2,1,0,0
5/16/2020,KELAPA,2,3,0,0
5/17/2020,KELAPA,5,3,6,10
5/18/2020,KELAPA,1,3,0,6
5/19/2020,KELAPA,4,3,14,8
5/20/2020,KELAPA,2,3,0,11
5/21/2020,KELAPA,3,3,7,0
5/22/2020,KELAPA,2,4,0,2
5/23/2020,KELAPA,1,2,0,0
5/24/2020,KELAPA,2,2,22,22
5/25/2020,KELAPA,0,1,0,3
5/26/2020,KELAPA,3,1,60,13
5/27/2020,KELAPA,1,2,0,2
5/28/2020,KELAPA,3,1,40,0
5/29/2020,KELAPA,1,3,1,0
5/30/2020,KELAPA,2,3,0,13
5/31/2020,KELAPA,3,2,34,0
5/1/2020,HARAPAN,0,1,0,8
5/2/2020,HARAPAN,0,0,0,0
5/3/2020,HARAPAN,0,0,0,0
5/4/2020,HARAPAN,0,0,0,0
5/5/2020,HARAPAN,0,1,0,0
5/6/2020,HARAPAN,1,2,5,5
5/7/2020,HARAPAN,0,0,0,0
5/8/2020,HARAPAN,2,2,11,10
5/9/2020,HARAPAN,0,0,0,0
5/10/2020,HARAPAN,0,0,0,0
5/11/2020,HARAPAN,1,0,0,0
5/12/2020,HARAPAN,0,1,0,0
5/13/2020,HARAPAN,1,1,0,0
5/14/2020,HARAPAN,1,1,0,0
5/15/2020,HARAPAN,3,2,12,5
5/16/2020,HARAPAN,0,0,0,0
5/17/2020,HARAPAN,0,0,0,0
5/18/2020,HARAPAN,0,0,0,0
5/19/2020,HARAPAN,1,1,0,0
5/20/2020,HARAPAN,3,3,10,8
5/21/2020,HARAPAN,3,2,8,5
5/22/2020,HARAPAN,1,3,5,7
5/23/2020,HARAPAN,0,0,0,0
5/24/2020,HARAPAN,0,0,0,0
5/25/2020,HARAPAN,0,0,0,0
5/26/2020,HARAPAN,0,0,0,0
5/27/2020,HARAPAN,3,3,28,27
5/28/2020,HARAPAN,0,0,0,0
5/29/2020,HARAPAN,2,2,8,6
5/30/2020,HARAPAN,0,0,0,0
5/31/2020,HARAPAN,0,0,0,0
5/1/2020,SABIRA,0,0,0,0
5/2/2020,SABIRA,0,0,0,0
5/3/2020,SABIRA,0,0,0,0
5/4/2020,SABIRA,0,0,0,0
5/5/2020,SABIRA,0,0,0,0
5/6/2020,SABIRA,0,0,0,0
5/7/2020,SABIRA,0,0,0,0
5/8/2020,SABIRA,0,0,0,0
5/9/2020,SABIRA,0,0,0,0
5/10/2020,SABIRA,0,1,0,0
5/11/2020,SABIRA,0,0,0,0
5/12/2020,SABIRA,0,0,0,0
5/13/2020,SABIRA,0,2,0,0
5/14/2020,SABIRA,0,0,0,0
5/15/2020,SABIRA,0,0,0,0
5/16/2020,SABIRA,0,0,0,0
5/17/2020,SABIRA,0,0,0,0
5/18/2020,SABIRA,0,0,0,0
5/19/2020,SABIRA,0,0,0,0
5/20/2020,SABIRA,0,0,0,0
5/21/2020,SABIRA,1,3,0,0
5/22/2020,SABIRA,1,0,0,0
5/23/2020,SABIRA,0,0,0,0
5/24/2020,SABIRA,0,0,0,0
5/25/2020,SABIRA,0,0,0,0
5/26/2020,SABIRA,0,0,0,0
5/27/2020,SABIRA,1,2,20,40
5/28/2020,SABIRA,1,0,18,0
5/29/2020,SABIRA,0,0,0,0
5/30/2020,SABIRA,0,0,0,0
5/31/2020,SABIRA,0,0,0,0
6/1/2020,MUARA ANGKE,1,0,9,0
6/2/2020,MUARA ANGKE,0,1,0,22
6/3/2020,MUARA ANGKE,1,0,11,0
6/4/2020,MUARA ANGKE,0,1,0,44
6/5/2020,MUARA ANGKE,0,0,0,0
6/6/2020,MUARA ANGKE,0,0,0,0
6/7/2020,MUARA ANGKE,0,0,0,0
6/8/2020,MUARA ANGKE,3,3,43,42
6/9/2020,MUARA ANGKE,3,5,38,57
6/10/2020,MUARA ANGKE,5,4,33,45
6/11/2020,MUARA ANGKE,5,4,38,62
6/12/2020,MUARA ANGKE,4,4,48,57
6/13/2020,MUARA ANGKE,4,4,133,62
6/14/2020,MUARA ANGKE,3,4,72,123
6/15/2020,MUARA ANGKE,4,3,100,66
6/16/2020,MUARA ANGKE,3,4,56,62
6/17/2020,MUARA ANGKE,5,3,95,73
6/18/2020,MUARA ANGKE,3,6,53,117
6/19/2020,MUARA ANGKE,5,7,81,84
6/20/2020,MUARA ANGKE,9,6,421,84
6/21/2020,MUARA ANGKE,4,7,133,267
6/22/2020,MUARA ANGKE,7,3,110,126
6/23/2020,MUARA ANGKE,3,5,92,141
6/24/2020,MUARA ANGKE,6,4,110,76
6/25/2020,MUARA ANGKE,4,5,113,111
6/26/2020,MUARA ANGKE,4,11,217,133
6/27/2020,MUARA ANGKE,11,6,645,131
6/28/2020,MUARA ANGKE,6,12,167,640
6/29/2020,MUARA ANGKE,7,6,236,228
6/30/2020,MUARA ANGKE,2,3,47,54
6/1/2020,MARINA ANCOL,0,0,0,0
6/2/2020,MARINA ANCOL,1,1,31,25
6/3/2020,MARINA ANCOL,0,0,0,0
6/4/2020,MARINA ANCOL,0,0,0,0
6/5/2020,MARINA ANCOL,0,0,0,0
6/6/2020,MARINA ANCOL,0,0,0,0
6/7/2020,MARINA ANCOL,0,0,0,0
6/8/2020,MARINA ANCOL,0,0,0,0
6/9/2020,MARINA ANCOL,0,0,0,0
6/10/2020,MARINA ANCOL,0,0,0,0
6/11/2020,MARINA ANCOL,0,0,0,0
6/12/2020,MARINA ANCOL,0,0,0,0
6/13/2020,MARINA ANCOL,0,0,0,0
6/14/2020,MARINA ANCOL,0,0,0,0
6/15/2020,MARINA ANCOL,0,0,0,0
6/16/2020,MARINA ANCOL,0,0,0,0
6/17/2020,MARINA ANCOL,0,0,0,0
6/18/2020,MARINA ANCOL,0,0,0,0
6/19/2020,MARINA ANCOL,0,0,0,0
6/20/2020,MARINA ANCOL,0,0,0,0
6/21/2020,MARINA ANCOL,0,0,0,0
6/22/2020,MARINA ANCOL,0,0,0,0
6/23/2020,MARINA ANCOL,0,0,0,0
6/24/2020,MARINA ANCOL,0,0,0,0
6/25/2020,MARINA ANCOL,0,0,0,0
6/26/2020,MARINA ANCOL,0,0,0,0
6/27/2020,MARINA ANCOL,0,0,0,0
6/28/2020,MARINA ANCOL,0,0,0,0
6/29/2020,MARINA ANCOL,0,0,0,0
6/30/2020,MARINA ANCOL,0,0,0,0
6/1/2020,UNTUNG JAWA,3,3,16,11
6/2/2020,UNTUNG JAWA,4,4,5,15
6/3/2020,UNTUNG JAWA,2,2,0,0
6/4/2020,UNTUNG JAWA,3,3,16,14
6/5/2020,UNTUNG JAWA,1,1,0,0
6/6/2020,UNTUNG JAWA,2,2,22,13
6/7/2020,UNTUNG JAWA,1,1,1,0
6/8/2020,UNTUNG JAWA,5,5,26,19
6/9/2020,UNTUNG JAWA,4,4,0,1
6/10/2020,UNTUNG JAWA,4,4,0,0
6/11/2020,UNTUNG JAWA,6,6,27,13
6/12/2020,UNTUNG JAWA,5,5,6,1
6/13/2020,UNTUNG JAWA,21,21,399,380
6/14/2020,UNTUNG JAWA,42,37,1270,1157
6/15/2020,UNTUNG JAWA,12,12,241,181
6/16/2020,UNTUNG JAWA,11,12,196,152
6/17/2020,UNTUNG JAWA,13,13,193,194
6/18/2020,UNTUNG JAWA,14,14,222,215
6/19/2020,UNTUNG JAWA,11,11,125,136
6/20/2020,UNTUNG JAWA,22,22,419,412
6/21/2020,UNTUNG JAWA,29,28,882,703
6/22/2020,UNTUNG JAWA,14,14,246,235
6/23/2020,UNTUNG JAWA,12,12,165,187
6/24/2020,UNTUNG JAWA,13,13,202,224
6/25/2020,UNTUNG JAWA,14,14,126,137
6/26/2020,UNTUNG JAWA,13,13,152,127
6/27/2020,UNTUNG JAWA,22,22,522,542
6/28/2020,UNTUNG JAWA,37,37,1031,997
6/29/2020,UNTUNG JAWA,15,15,288,232
6/30/2020,UNTUNG JAWA,16,16,307,280
6/1/2020,LANCANG,2,2,10,11
6/2/2020,LANCANG,2,2,22,23
6/3/2020,LANCANG,2,2,6,14
6/4/2020,LANCANG,2,2,10,14
6/5/2020,LANCANG,2,2,17,27
6/6/2020,LANCANG,2,2,27,56
6/7/2020,LANCANG,2,2,19,35
6/8/2020,LANCANG,2,2,20,30
6/9/2020,LANCANG,2,2,13,16
6/10/2020,LANCANG,3,3,16,32
6/11/2020,LANCANG,4,4,17,23
6/12/2020,LANCANG,4,4,25,45
6/13/2020,LANCANG,5,5,58,100
6/14/2020,LANCANG,5,5,86,62
6/15/2020,LANCANG,5,5,37,63
6/16/2020,LANCANG,5,5,44,70
6/17/2020,LANCANG,5,5,56,58
6/18/2020,LANCANG,5,5,56,36
6/19/2020,LANCANG,5,5,38,54
6/20/2020,LANCANG,5,5,68,185
6/21/2020,LANCANG,5,5,108,132
6/22/2020,LANCANG,5,5,103,76
6/23/2020,LANCANG,5,5,62,51
6/24/2020,LANCANG,5,5,48,54
6/25/2020,LANCANG,5,5,73,61
6/26/2020,LANCANG,5,5,68,99
6/27/2020,LANCANG,5,5,79,165
6/28/2020,LANCANG,5,5,113,65
6/29/2020,LANCANG,5,5,67,73
6/30/2020,LANCANG,5,5,57,52
6/1/2020,PARI,0,0,0,0
6/2/2020,PARI,2,2,22,17
6/3/2020,PARI,0,0,0,0
6/4/2020,PARI,1,1,8,12
6/5/2020,PARI,0,0,0,0
6/6/2020,PARI,1,1,17,15
6/7/2020,PARI,0,0,0,0
6/8/2020,PARI,2,2,20,16
6/9/2020,PARI,1,1,5,2
6/10/2020,PARI,2,2,10,13
6/11/2020,PARI,1,1,5,1
6/12/2020,PARI,2,2,6,8
6/13/2020,PARI,1,1,5,3
6/14/2020,PARI,2,2,20,10
6/15/2020,PARI,1,1,3,1
6/16/2020,PARI,2,2,15,10
6/17/2020,PARI,1,1,2,1
6/18/2020,PARI,1,1,4,3
6/19/2020,PARI,1,1,4,3
6/20/2020,PARI,1,1,9,11
6/21/2020,PARI,1,1,4,4
6/22/2020,PARI,2,2,22,17
6/23/2020,PARI,1,1,3,11
6/24/2020,PARI,2,2,13,15
6/25/2020,PARI,2,2,8,15
6/26/2020,PARI,4,3,32,56
6/27/2020,PARI,2,5,31,83
6/28/2020,PARI,5,5,193,157
6/29/2020,PARI,5,4,184,90
6/30/2020,PARI,3,3,56,68
6/1/2020,TIDUNG/PAYUNG,1,1,6,0
6/2/2020,TIDUNG/PAYUNG,1,1,4,2
6/3/2020,TIDUNG/PAYUNG,1,1,5,3
6/4/2020,TIDUNG/PAYUNG,1,1,4,0
6/5/2020,TIDUNG/PAYUNG,1,1,4,0
6/6/2020,TIDUNG/PAYUNG,1,1,0,3
6/7/2020,TIDUNG/PAYUNG,1,1,0,4
6/8/2020,TIDUNG/PAYUNG,3,3,19,15
6/9/2020,TIDUNG/PAYUNG,3,3,17,16
6/10/2020,TIDUNG/PAYUNG,3,3,4,12
6/11/2020,TIDUNG/PAYUNG,3,3,15,16
6/12/2020,TIDUNG/PAYUNG,3,3,27,33
6/13/2020,TIDUNG/PAYUNG,3,3,25,32
6/14/2020,TIDUNG/PAYUNG,3,3,28,15
6/15/2020,TIDUNG/PAYUNG,3,3,26,23
6/16/2020,TIDUNG/PAYUNG,3,3,18,15
6/17/2020,TIDUNG/PAYUNG,3,3,19,22
6/18/2020,TIDUNG/PAYUNG,3,3,10,17
6/19/2020,TIDUNG/PAYUNG,4,3,17,31
6/20/2020,TIDUNG/PAYUNG,4,4,29,56
6/21/2020,TIDUNG/PAYUNG,3,4,57,34
6/22/2020,TIDUNG/PAYUNG,4,3,26,29
6/23/2020,TIDUNG/PAYUNG,3,3,17,25
6/24/2020,TIDUNG/PAYUNG,3,3,23,29
6/25/2020,TIDUNG/PAYUNG,4,4,24,29
6/26/2020,TIDUNG/PAYUNG,3,4,23,28
6/27/2020,TIDUNG/PAYUNG,3,4,9,112
6/28/2020,TIDUNG/PAYUNG,4,3,112,31
6/29/2020,TIDUNG/PAYUNG,4,4,66,59
6/30/2020,TIDUNG/PAYUNG,4,4,25,70
6/1/2020,PRAMUKA/PANGGANG,3,2,3,3
6/2/2020,PRAMUKA/PANGGANG,3,1,6,2
6/3/2020,PRAMUKA/PANGGANG,0,2,0,0
6/4/2020,PRAMUKA/PANGGANG,2,3,1,0
6/5/2020,PRAMUKA/PANGGANG,1,2,2,0
6/6/2020,PRAMUKA/PANGGANG,2,2,2,0
6/7/2020,PRAMUKA/PANGGANG,1,3,0,0
6/8/2020,PRAMUKA/PANGGANG,2,1,9,4
6/9/2020,PRAMUKA/PANGGANG,4,4,38,46
6/10/2020,PRAMUKA/PANGGANG,5,5,20,19
6/11/2020,PRAMUKA/PANGGANG,4,6,18,22
6/12/2020,PRAMUKA/PANGGANG,6,5,54,34
6/13/2020,PRAMUKA/PANGGANG,3,5,16,64
6/14/2020,PRAMUKA/PANGGANG,5,5,54,28
6/15/2020,PRAMUKA/PANGGANG,3,4,38,47
6/16/2020,PRAMUKA/PANGGANG,4,3,41,39
6/17/2020,PRAMUKA/PANGGANG,3,4,35,51
6/18/2020,PRAMUKA/PANGGANG,5,3,37,25
6/19/2020,PRAMUKA/PANGGANG,4,4,32,44
6/20/2020,PRAMUKA/PANGGANG,6,10,52,237
6/21/2020,PRAMUKA/PANGGANG,5,5,161,54
6/22/2020,PRAMUKA/PANGGANG,3,4,27,41
6/23/2020,PRAMUKA/PANGGANG,4,3,77,16
6/24/2020,PRAMUKA/PANGGANG,4,5,39,30
6/25/2020,PRAMUKA/PANGGANG,5,4,79,60
6/26/2020,PRAMUKA/PANGGANG,4,4,98,172
6/27/2020,PRAMUKA/PANGGANG,4,5,80,176
6/28/2020,PRAMUKA/PANGGANG,7,5,241,59
6/29/2020,PRAMUKA/PANGGANG,5,4,62,142
6/30/2020,PRAMUKA/PANGGANG,3,4,67,55
6/1/2020,KELAPA,2,2,11,7
6/2/2020,KELAPA,1,1,0,3
6/3/2020,KELAPA,1,1,0,5
6/4/2020,KELAPA,2,2,7,3
6/5/2020,KELAPA,2,2,0,0
6/6/2020,KELAPA,2,2,0,1
6/7/2020,KELAPA,2,2,12,7
6/8/2020,KELAPA,4,3,23,9
6/9/2020,KELAPA,4,4,22,15
6/10/2020,KELAPA,6,4,21,10
6/11/2020,KELAPA,4,5,35,18
6/12/2020,KELAPA,5,6,16,15
6/13/2020,KELAPA,5,4,22,25
6/14/2020,KELAPA,3,5,34,21
6/15/2020,KELAPA,4,3,25,25
6/16/2020,KELAPA,3,4,46,29
6/17/2020,KELAPA,3,3,21,17
6/18/2020,KELAPA,4,4,69,24
6/19/2020,KELAPA,4,4,40,18
6/20/2020,KELAPA,6,4,43,60
6/21/2020,KELAPA,3,4,34,14
6/22/2020,KELAPA,4,3,29,14
6/23/2020,KELAPA,4,4,52,25
6/24/2020,KELAPA,4,5,24,61
6/25/2020,KELAPA,4,4,45,32
6/26/2020,KELAPA,2,2,22,38
6/27/2020,KELAPA,5,4,53,54
6/28/2020,KELAPA,4,5,44,65
6/29/2020,KELAPA,4,4,66,94
6/30/2020,KELAPA,3,5,81,135
6/1/2020,HARAPAN,1,1,3,0
6/2/2020,HARAPAN,0,2,0,5
6/3/2020,HARAPAN,1,1,5,0
6/4/2020,HARAPAN,0,0,0,0
6/5/2020,HARAPAN,1,1,4,0
6/6/2020,HARAPAN,0,0,0,0
6/7/2020,HARAPAN,0,0,0,0
6/8/2020,HARAPAN,2,1,6,8
6/9/2020,HARAPAN,2,1,0,5
6/10/2020,HARAPAN,0,0,0,0
6/11/2020,HARAPAN,0,0,0,0
6/12/2020,HARAPAN,0,0,0,0
6/13/2020,HARAPAN,3,4,26,26
6/14/2020,HARAPAN,1,1,12,0
6/15/2020,HARAPAN,2,2,7,13
6/16/2020,HARAPAN,0,1,0,0
6/17/2020,HARAPAN,0,0,0,0
6/18/2020,HARAPAN,0,0,0,0
6/19/2020,HARAPAN,2,0,3,0
6/20/2020,HARAPAN,1,0,0,0
6/21/2020,HARAPAN,1,1,28,8
6/22/2020,HARAPAN,2,1,7,11
6/23/2020,HARAPAN,2,2,0,2
6/24/2020,HARAPAN,1,2,0,0
6/25/2020,HARAPAN,0,0,0,0
6/26/2020,HARAPAN,3,0,4,0
6/27/2020,HARAPAN,0,2,0,115
6/28/2020,HARAPAN,2,0,128,0
6/29/2020,HARAPAN,1,1,9,9
6/30/2020,HARAPAN,1,2,33,19
6/1/2020,SABIRA,0,1,0,2
6/2/2020,SABIRA,0,1,0,0
6/3/2020,SABIRA,1,0,0,0
6/4/2020,SABIRA,0,1,0,0
6/5/2020,SABIRA,0,0,0,0
6/6/2020,SABIRA,0,0,0,0
6/7/2020,SABIRA,1,3,0,2
6/8/2020,SABIRA,0,2,0,0
6/9/2020,SABIRA,1,0,5,0
6/10/2020,SABIRA,1,1,0,6
6/11/2020,SABIRA,1,0,10,0
6/12/2020,SABIRA,1,0,0,0
6/13/2020,SABIRA,2,2,6,3
6/14/2020,SABIRA,1,0,6,0
6/15/2020,SABIRA,0,1,0,5
6/16/2020,SABIRA,1,0,5,0
6/17/2020,SABIRA,0,1,0,11
6/18/2020,SABIRA,1,0,6,0
6/19/2020,SABIRA,0,1,0,0
6/20/2020,SABIRA,1,1,4,0
6/21/2020,SABIRA,1,0,7,0
6/22/2020,SABIRA,0,1,0,5
6/23/2020,SABIRA,1,0,0,0
6/24/2020,SABIRA,0,1,0,11
6/25/2020,SABIRA,1,0,17,0
6/26/2020,SABIRA,1,1,8,8
6/27/2020,SABIRA,0,1,0,12
6/28/2020,SABIRA,1,0,12,0
6/29/2020,SABIRA,1,2,0,23
6/30/2020,SABIRA,0,1,0,5
